participant1,relation,participant2
Observer,conducts,SensoryExamination
SensoryExamination,reveals,MaterialProperties
Observer,performs,MaterialTesting
MaterialProperties,determine,MaterialBehavior
InteractionContexts,influence,MaterialBehavior
Observer,predicts,MaterialBehavior
MaterialAnalyst,examines,CompositeSubstances
CompositeSubstances,contain,ComponentMaterials
ComponentMaterials,form,MaterialLayers
ComponentMaterials,exhibit,MixingPatterns
ComponentMaterials,connected through,BondingTypes
MaterialLayers,create,MaterialStructure
MixingPatterns,create,MaterialStructure
MaterialStructure,determines,FunctionalProperties
Agent,observes,PhaseMaterials
EnvironmentalConditions,trigger,StateTransitions
Agent,applies,EnergyApplication
Agent,applies,EnergyRemoval
EnergyApplication,causes,PhaseChanges
PhaseChanges,result in,NewMaterialStates
NewMaterialStates,exhibit,BehavioralCharacteristics
BehavioralCharacteristics,differ across,NewMaterialStates
EmotionalStimuli,trigger,EmotionalStates
EmotionalStates,generate,EmotionalExpressions
EmotionalExpressions,manifest through,BodyLanguage
EmotionalExpressions,manifest through,VocalPatterns
SocialObservers,perform,EmotionalRecognition
EmotionalRecognition,leads to,SocialResponses
SocialResponses,may become,EmotionalStimuli
Individual,experiences,IntenseEmotions
IntenseEmotions,may be,Disruptive
Individual,employs,RegulationStrategies
RegulationStrategies,include,CognitiveReappraisal
RegulationStrategies,include,EmotionalSuppression
RegulationStrategies,include,SeekingSupport
RegulationStrategies,lead to,EmotionalBalance
EmotionalBalance,enables,AdaptiveFunctioning
MemoryTriggers,activate,EmotionalMemories
EmotionalMemories,connected to,PastExperiences
EmotionalMemories,create,EmotionalReactivation
EmotionalReactivation,exerts,AffectiveInfluence
DecisionMaking,determines,BehavioralChoices
BehavioralChoices,may create,MemoryTriggers
ProblemSolver,encounters,ComplexProblem
ProblemSolver,applies,DecompositionStrategies
DecompositionStrategies,create,SubProblems
SubProblems,contain,ProblemComponents
ProblemComponents,connected through,LogicalRelationships
ProblemSolver,develops,SolutionSteps
SolutionSteps,lead to,ProblemResolution
Reasoner,observes,ProblemEvidence
ProblemEvidence,leads to,Hypotheses
Reasoner,designs,Tests
Tests,produce,TestResults
Reasoner,conducts,EvidenceEvaluation
EvidenceEvaluation,leads to,TheoryRefinement
TheoryRefinement,may generate,Hypotheses
CreativeThinker,faces,IllDefinedProblems
IllDefinedProblems,trigger,IntuitiveProcesses
CreativeThinker,employs,AnalogyMaking
CreativeThinker,employs,CreativeStrategies
AnalogyMaking,connects,knowledge domains
CreativeStrategies,may lead to,InsightMoments
InsightMoments,reveal,NovelSolutions
NovelSolutions,provide,BreakthroughUnderstanding
MessageSender,encodes,IntendedMeanings
MessageSender,uses,CommunicationSystems
SymbolicMessages,transmitted through,CommunicationChannels
MessageReceiver,receives,SymbolicMessages
MessageReceiver,performs,MeaningDecoding
MeaningDecoding,produces,InterpretedMeanings
SemanticNoise,may distort,SymbolicMessages
ContextualFactors,influence,MeaningDecoding
LanguageUser,selects,LinguisticUnits
LanguageUser,applies,GrammaticalRules
GrammaticalRules,create,SyntacticStructures
SyntacticStructures,express,SemanticContent
LanguageUser,performs,SentenceConstruction
LanguageUser,performs,DiscourseOrganization
LanguageConventions,guide,language construction
language construction,serves,CommunicativeGoals
Communicator,combines,NonVerbalSignals
Combination,creates,MultimodalMessages
NonVerbalSignals,include,VisualCues
NonVerbalSignals,include,GesturePatterns
NonVerbalSignals,include,ProsodicFeatures
NonVerbalSignals,include,SpacialArrangements
NonVerbalSignals,provide,AdditionalMeaning
NonVerbalSignals,provide,EmotionalSubtext
AdditionalMeaning,enhances,VerbalElements
EmotionalSubtext,influences,message interpretation
MultimodalMessages,increase,CommunicativeEffectiveness
Observer,perceives,SpatialObjects
SpatialObjects,positioned through,SpatialRelationships
SpatialRelationships,defined within,SpatialFramework
Observer,employs,SpatialReasoning
SpatialReasoning,identifies,DistanceRelations
SpatialReasoning,identifies,DirectionalOrientations
SpatialReasoning,identifies,ContainmentRelations
All relations,contribute to,SpatialConfiguration
Navigator,conducts,SpatialExploration
SpatialExploration,involves,LandmarkIdentification
SpatialExploration,involves,RouteMemorization
LandmarkIdentification,contributes to,SpatialKnowledgeIntegration
RouteMemorization,contributes to,SpatialKnowledgeIntegration
SpatialKnowledgeIntegration,creates,MentalMaps
MentalMaps,develop into,CognitiveMaps
CognitiveMaps,enable,NavigationPlanning
NavigationPlanning,guides,WayfindingBehavior
SpatialThinker,works across,SpatialScales
SpatialScales,include,MicroscaleFeatures
SpatialScales,include,MacroscaleStructures
SpatialThinker,performs,ScaleTransition
Each scale,exhibits,SpatialPatterns
SpatialPatterns,exist at,DimensionalLevels
DimensionalLevels,connected through,ScaleRelationships
ScaleRelationships,form,HierarchicalOrganization
SocialActor,encounters,SocialSituations
SocialSituations,governed by,SocialConventions
SocialActor,performs,ConventionRecognition
ConventionRecognition,identifies,SocialExpectations
ConventionRecognition,identifies,ContextualNorms
SocialActor,selects,BehavioralChoices
BehavioralChoices,lead to,SocialConsequences
SocialConsequences,determine,SocialAcceptability
MoralAgent,encounters,EthicalDilemmas
EthicalDilemmas,involve,CompetingValues
MoralAgent,applies,MoralPrinciples
EthicalReasoning,considers,MoralObligations
MoralAgent,evaluates,EthicalOutcomes
EthicalFrameworks,guide,EthicalReasoning
EthicalReasoning,leads to,MoralDecisions
Observer,witnesses,NormViolations
Observer,conducts,MoralEvaluation
MoralEvaluation,considers,ViolationSeverity
MoralEvaluation,considers,IntentionalityFactors
MoralEvaluation,considers,CircumstantialContext
MoralEvaluation,produces,MoralJudgments
MoralJudgments,may lead to,SocialSanctions
MoralJudgments,may lead to,ForgivenessResponses
SocialSanctions,reinforce,EstablishedNorms
ForgivenessResponses,reinforce,EstablishedNorms
Navigator,observes,MovingObjects
MovingObjects,occupy,SpatialPositions
MovingObjects,exhibit,MovementPatterns
Navigator,uses,SpatialCues
SpatialCues,provide,DirectionalInformation
MovementPatterns,reveal,MovementTrajectories
Navigator,engages in,NavigationPlanning
Organizer,places,PhysicalObjects
TargetLocations,exist within,OrganizationalSpace
PhysicalObjects,must satisfy,PositionalRequirements
SpatialConstraints,limit,TargetLocations
SpatialRelationships,connect,PhysicalObjects
OptimalArrangements,serve,FunctionalPurposes
Organizer,considers,SpatialConstraints
LocationDescriber,creates,SpatialDescriptions
SpatialDescriptions,reference,ReferencePoints
SpatialDescriptions,reference,LandmarkObjects
ReferencePoints,anchor,SpatialOrientations
LocationDescriber,uses,LocationalTerms
LocationDescriber,uses,DirectionalConcepts
SpatialDescriptions,enable,NavigationalInstructions
NavigationalInstructions,help,others reach GeographicPositions
SpatialMaps,represent,relationships
TransformationAgent,applies,EnergyInputs
EnergyInputs,cause,StateTransitions
StateTransitions,produce,NewMaterialStates
NewMaterialStates,exhibit,PhysicalProperties
ReversibilityFactors,determine,StateTransitions reversibility
TransformationConditions,influence,StateTransitions success
Modifier,applies,PhysicalForces
ModificationTools,enable,MechanicalProcesses
MechanicalProcesses,target,TargetObjects
PhysicalForces,produce,ShapeChanges
PhysicalForces,produce,SizeAlterations
PhysicalForces,produce,StructuralModifications
MaterialResponses,determine,TargetObjects reaction
ForceApplications,adjusted based on,MaterialResponses
MechanicalProcesses,aim to achieve,TransformationOutcomes
ChemicalAgent,combines,ReactiveSubstances
ReactionConditions,enable,ChemicalTransformations
ChemicalTransformations,follow,ReactionMechanisms
ChemicalTransformations,produce,NewCompounds
NewCompounds,exhibit,ChemicalProperties
TransformationIndicators,signal,ChemicalTransformations
ReactionMechanisms,depend on,ReactiveSubstances properties
ReactionMechanisms,depend on,BaseSubstances properties
EnvironmentalObserver,detects,WeatherSignals
WeatherSignals,indicate,WeatherPatterns
NaturalIndicators,suggest,WeatherChanges
EnvironmentalObserver,interprets,NaturalIndicators
WeatherPatterns,influence,AtmosphericConditions
EnvironmentalObserver,plans,AdaptiveResponses
GeologicalWitness,experiences,EarthMovements
GeologicalForces,manifest as,SeismicEvents
GeologicalForces,manifest as,VolcanicActivity
GeologicalForces,manifest as,LandformChanges
GeologicalIndicators,signal,EarthSystemProcesses
EarthSystemProcesses,drive,geological activity
GeologicalWitness,observes,GeologicalIndicators
EarthMovements,result in,LandformChanges
SkyObserver,tracks,CelestialBodies
AstronomicalCycles,include,LunarPhases
AstronomicalCycles,include,SolarPatterns
CelestialBodies,provide,AstronomicalIndicators
AstronomicalCycles,correspond to,SeasonalChanges
SkyObserver,uses,AstronomicalIndicators
TemporalCycles,coordinate with,EarthlyRhythms
SeasonalChanges,reflect,AstronomicalCycles
ToolUser,selects,ManipulationTools
ToolUser,performs,InstrumentalActions
InstrumentalActions,involve,ForceApplication
ControlledForces,directed toward,ManipulationGoals
TargetObjects,exhibit,ObjectResponses
ToolAffordances,determine,InstrumentalActions
ManipulationGoals,guide,ManipulationTools selection
Constructor,combines,ComponentObjects
JoiningMethods,create,StructuralRelationships
Constructor,follows,AssemblySequences
StructuralRelationships,determine,CompositeStructures stability
ConnectionTypes,define,ComponentObjects interface
AssemblySequences,optimize,efficiency
AssemblySequences,optimize,structural integrity
CompositeStructures,exhibit,properties different from ComponentObjects
PrecisionOperator,performs,FineMotorActions
FineMotorActions,require,ExactControl
FineMotorActions,require,DelicateManipulation
PrecisionOperator,uses,CoordinatedMovements
SensoryFeedback,enables,MotorAdjustments
MotorAdjustments,maintain,ExactControl
DelicateManipulation,prevents,damage to SensitiveObjects
CoordinatedMovements,achieve,PrecisionOutcomes
LifeObserver,tracks,LivingOrganisms
LivingOrganisms,progress from,InitialStates
LivingOrganisms,progress to,MatureStates
DevelopmentalStages,follow,LifeCyclePatterns
GrowthProcesses,drive,transitions
BiologicalTransitions,mark,boundaries
SpeciesCharacteristics,determine,LifeCyclePatterns
LifeObserver,recognizes,SpeciesCharacteristics
BiologicalMonitor,observes,VitalSigns
ActiveOrganisms,display,LifeFunctions
BiologicalActivities,include,Feeding
BiologicalActivities,include,Breathing
BiologicalActivities,include,Movement
BiologicalActivities,include,Reproduction
VitalSigns,serve as,LifeIndicators
LifeFunctions,maintain,ActiveOrganisms
BiologicalMonitor,uses,LifeIndicators
BiologicalActivities,demonstrate,LifeFunctions
EcologyObserver,studies,InteractingSpecies
InteractingSpecies,engage in,InterspeciesRelationships
InterspeciesRelationships,include,Predation
InterspeciesRelationships,include,Competition
InterspeciesRelationships,include,Cooperation
InterspeciesRelationships,include,Symbiosis
InteractingSpecies,occupy,EcologicalNiches
EcologicalNiches,reduce,Competition
SurvivalStrategies,enable,species success
BiologicalCommunities,emerge from,InterspeciesRelationships
HealthMonitor,observes,BodySignals
HealthMonitor,observes,BehavioralChanges
BodySignals,may indicate,IllnessSymptoms
BehavioralChanges,may indicate,IllnessSymptoms
HealthMonitor,distinguishes,NormalVariations from PathologicalSigns
IllnessSymptoms,reflect,HealthStatus changes
HealthMonitor,assesses,SeverityLevels
PathologicalSigns,suggest,HealthStatus deterioration
SeverityLevels,guide,response to IllnessSymptoms
Caregiver,applies,TreatmentMethods
TreatmentMethods,include,TherapeuticInterventions
TreatmentMethods,include,CareStrategies
TherapeuticInterventions,promote,HealingProcesses
CareStrategies,support,Patient
HealingProcesses,lead toward,HealthRestoration
Caregiver,monitors,RecoveryProgress
RecoveryProgress,indicates,TreatmentMethods effectiveness
HealthMaintainer,engages in,PreventiveActions
HealthMaintainer,engages in,HealthyBehaviors
PreventiveActions,aim to maintain,OptimalWellness
HealthyBehaviors,aim to maintain,OptimalWellness
HealthMaintainer,identifies,HealthRisks
HealthMaintainer,avoids,HealthRisks
ProtectiveMeasures,reduce,RiskFactors impact
WellnessRoutines,support,OptimalWellness
HealthyBehaviors,include,ProtectiveMeasures
PreventiveActions,target,HealthRisks
AnatomicalObserver,identifies,BodyParts
BodyParts,exist in,SpatialRelationships
BodyRegions,contribute to,StructuralOrganization
AnatomicalObserver,maps,AnatomicalLocations
BodyParts,connect through,FunctionalConnections
StructuralOrganization,reflects,SpatialRelationships
AnatomicalStructures,integrate into,BodySystem
BodyPerceiver,distinguishes,ExternalFeatures from InternalStructures
ExternalFeatures,located on,BodySurfaces
InternalStructures,contained within,BodyCavities
BodyPerceiver,uses,DirectObservation
BodyPerceiver,relies on,ProprioceptiveAwareness
VisibilityDifferences,determine,accessibility
DirectObservation,provides,body knowledge type
ProportionAnalyst,examines,BodySymmetry
ProportionAnalyst,analyzes,ProportionalRelationships
BilateralPatterns,demonstrate,BodySymmetry
SizeRelationships,define,BodyProportions
ProportionAnalyst,identifies,SymmetryDeviations
ProportionalVariations,reflect,individual differences
BodyProportions,emerge from,AnatomicalDimensions
PhysiologyMonitor,observes,VitalSystems
RegulatoryFunctions,include,Circulation
RegulatoryFunctions,include,Respiration
RegulatoryFunctions,include,Metabolism
VitalSystems,coordinate through,SystemicProcesses
SystemicProcesses,follow,PhysiologicalRhythms
RegulatoryFunctions,maintain,HomeostasisMaintenance
PhysiologicalRhythms,regulate,SystemicProcesses timing
HomeostasisMaintenance,ensures,VitalSystems optimal function
SensoryProcessor,receives,SensoryInput
SensoryOrgans,perform,SensoryTransduction
SensoryTransduction,produces,NeuralSignals
SensoryProcessor,integrates,MultimodalInformation
PerceptualIntegration,creates,SensoryExperience
SensoryExperience,enables,EnvironmentalAwareness
MultimodalInformation,combines,SensoryOrgans input
MotorController,plans,MovementPatterns
MotorPlanning,leads to,MovementExecution
MovementExecution,involves,MuscleActivation
MovementExecution,involves,JointMovements
MotorController,maintains,BalanceControl
BalanceControl,ensures,PosturalStability
MovementExecution,achieves,IntendedActions
MuscleActivation,combine to create,MovementPatterns
EcologicalObserver,studies,OrganismGroups
NaturalHabitats,characterized by,EnvironmentalConditions
EnvironmentalConditions,create,EnvironmentalPressures
OrganismGroups,develop,AdaptiveTraits
AdaptiveTraits,enable,SurvivalStrategies
OrganismGroups,have,HabitatRequirements
SpeciesDistribution,reflects,NaturalHabitats availability
EcologicalFitness,results from,AdaptiveTraits match
EcosystemAnalyst,tracks,ResourceFlows
EcosystemAnalyst,tracks,EnergyTransfer
EcologicalNetworks,contain,FoodChains
EcologicalNetworks,contain,EnergyPathways
NutrientCycles,drive,ResourceFlows
FoodChains,demonstrate,EnergyTransfer
ResourceAvailability,influences,EcosystemDynamics
EcosystemDynamics,affect,EcologicalProductivity
EcosystemDynamics,affect,SystemStability
EnergyPathways,connect,EcologicalNetworks levels
ChangeObserver,monitors,EnvironmentalDisturbances
EnvironmentalDisturbances,include,ClimateVariations
EnvironmentalDisturbances,include,HumanImpacts
EnvironmentalDisturbances,include,NaturalDisruptions
EnvironmentalDisturbances,disrupt,EcologicalBalance
Ecosystems,show,EcosystemResponses
EcosystemResponses,include,AdaptationProcesses
EcosystemResponses,include,ResilienceMechanisms
AdaptationProcesses,enable,adjustment
ResilienceMechanisms,promote,EcosystemRecovery
EcosystemRecovery,restores,EcologicalBalance
Individuals,form,SocialGroups
GroupFormation,establishes,GroupMembership
GroupFormation,establishes,GroupIdentity
SocialGroups,use,InclusionProcesses
SocialGroups,use,ExclusionMechanisms
MembershipCriteria,determine,GroupMembership qualification
InclusionProcesses,build,GroupCohesion
ExclusionMechanisms,maintain,GroupBoundaries
GroupIdentity,emerges from,GroupMembership
GroupLeaders,emerge within,SocialCollectives
GroupLeaders,exercise,LeadershipInfluence
LeadershipInfluence,enables,GroupDecisions
LeadershipInfluence,directs,CollectiveActions
GroupLeaders,demonstrate,AuthorityPatterns
InfluenceStrategies,shape,FollowerBehavior
GroupDecisions,coordinate,CollectiveActions
AuthorityPatterns,legitimize,InfluenceProcesses
MassParticipants,engage in,CollectiveBehavior
MassParticipants,engage in,CrowdDynamics
CollectiveBehavior,includes,MassMovements
CollectiveBehavior,includes,CollectiveActions
CrowdDynamics,create,GroupMomentum
CrowdDynamics,demonstrate,SocialContagion
SocialContagion,spreads,CollectiveEmotions
CollectiveEmotions,contribute to,EmergentProperties
GroupMomentum,drives,MassMobilization
EmergentProperties,enable,coordination beyond individual capabilities
BeliefHolder,develops,PersonalBeliefs
BeliefFormation,integrates,CulturalTeachings
BeliefFormation,integrates,PersonalExperiences
BeliefFormation,integrates,InheritedTraditions
PersonalBeliefs,organize into,WorldviewFrameworks
WorldviewFrameworks,provide,MeaningMakingSystems
MeaningMakingSystems,include,ExplanatoryFrameworks
CulturalTeachings,transmit,ExplanatoryFrameworks
PersonalExperiences,modify,WorldviewFrameworks
PersonalExperiences,validate,WorldviewFrameworks
SpiritualSeeker,explores,ReligiousBeliefs
ReligiousBeliefs,derive from,SacredTraditions
ReligiousBeliefs,derive from,DivineConcepts
SpiritualSeeker,participates in,WorshipActivities
SpiritualSeeker,participates in,SpiritualRituals
SpiritualPractices,develop,FaithCommitments
WorshipActivities,express,SacredMeanings
WorshipActivities,express,DivineConcepts
SacredTraditions,transmit,SacredMeanings
FaithCommitments,guide,SpiritualRituals participation
PhilosophicalThinker,develops,PhilosophicalPositions
ReflectiveThinking,examines,FundamentalQuestions
PhilosophicalPositions,include,EthicalFrameworks
PhilosophicalPositions,include,KnowledgeTheories
ValueSystems,emerge from,EthicalFrameworks
PhilosophicalPositions,guide,LifeChoices
PhilosophicalPositions,guide,MoralDecisions
EthicalFrameworks,provide,MoralDecisions structure
KnowledgeTheories,inform,FundamentalQuestions approaches
RitualParticipants,engage in,CeremonialActivities
RitualParticipants,engage in,RitualPerformances
RitualPerformances,follow,RitualProtocols
CeremonialActivities,use,CeremonialObjects
RitualPerformances,mark,SignificantEvents
RitualPerformances,mark,LifeTransitions
SymbolicMeanings,convey,RitualPurposes
RitualProtocols,preserve,SymbolicMeanings
CeremonialObjects,embody,cultural significance
TraditionKeeper,maintains,CulturalCustoms
CustomObservance,involves,TraditionalPractices
TraditionalPractices,embody,CulturalKnowledge
TraditionalPractices,transmit,CulturalKnowledge
TraditionKeeper,engages in,TraditionTransmission
TraditionTransmission,teaches,PracticePatterns
PracticePatterns,ensure,CulturalContinuity
CulturalContinuity,preserves,CulturalLegacy
CelebrationOrganizer,coordinates,SeasonalFestivals
CelebrationOrganizer,coordinates,CyclicalCelebrations
SeasonalFestivals,align with,NaturalCycles
SeasonalFestivals,align with,CulturalCalendars
CyclicalCelebrations,involve,FestiveActivities
CyclicalCelebrations,involve,CommunityGatherings
CommunityGatherings,strengthen,SocialBonds
FestiveActivities,mark,TemporalRhythms
CulturalCalendars,organize,CyclicalCelebrations timing
NaturalCycles,provide,SeasonalFestivals framework
Artist,engages in,CreativeProcesses
CreativeProcesses,employ,ArtisticTechniques
CreativeProcesses,employ,CreativeMethods
Artist,explores,AestheticConcepts
ArtisticWorks,communicate,ArtisticVisions
ArtisticWorks,create,AestheticExperiences
AestheticExperiences,evoke,EmotionalResponses
AestheticExperiences,evoke,AestheticAppreciation
ExpressiveElements,enable,ArtisticVisions communication
Performer,creates,LivePerformances
LivePerformances,engage,Audiences
Performer,uses,BodyExpression
Performer,uses,VocalTechniques
Performer,uses,StagePresence
PerformanceSkills,enable,BodyExpression
PerformanceSkills,enable,VocalTechniques
StagePresence,creates,ImmediateConnection
PerformativeExperiences,generate,SharedAestheticMoments
ImmediateConnection,enhances,PerformativeExperiences quality
Craftsperson,practices,TraditionalCrafts
CraftingTechniques,enable,TraditionalMaterials transformation
Craftsperson,creates,HandmadeObjects
HandmadeObjects,exhibit,AestheticQualities
MaterialSkills,develop into,ArtisanalExpertise
CraftingTraditions,guide,CraftingTechniques selection
TraditionalCrafts,combine,FunctionalPurposes with AestheticQualities
Storyteller,shares,CulturalStories
Storyteller,shares,OralNarratives
CulturalStories,embody,CollectiveMemories
CulturalStories,embody,CulturalWisdom
Storyteller,uses,StorytellingTechniques
NarrativePerformances,transmit,CulturalKnowledge
OralNarratives,preserve,NarrativeTraditions
StorytellingTechniques,enhance,CulturalWisdom transmission
CollectiveMemories,maintained through,NarrativeTraditions
CommunityHistorian,documents,HistoricalEvents
CommunityHistorian,documents,CommunityExperiences
CommunityHistorian,creates,HistoricalNarratives
HistoricalNarratives,shape,GroupIdentity
HistoricalNarratives,shape,CulturalSelfUnderstanding
MemoryPreservation,maintains,HistoricalEvents connection
HistoricalInterpretation,facilitates,IdentityFormation
GroupIdentity,emerges from,CommunityExperiences
CulturalSelfUnderstanding,develops through,HistoricalNarratives
MythKeeper,preserves,MythologicalStories
MythKeeper,preserves,LegendaryTales
MythologicalStories,explain,Origins
MythologicalStories,explain,CosmicOrder
MythologicalStories,explain,FundamentalTruths
SymbolicNarratives,provide,ExistentialMeaning
ArchetypalStories,provide,ExistentialMeaning
LegendaryTales,offer,CulturalExplanations
MythKeeper,transmits,SymbolicNarratives
ArchetypalStories,embody,FundamentalTruths
ExistentialMeaning,emerges from,CosmicOrder understanding
HeritageBearer,maintains,AncestralTraditions
HeritageBearer,maintains,CulturalHeritage
HeritageBearer,engages in,InheritancePractices
HeritageBearer,engages in,AncestralHonoring
InheritancePractices,preserve,FamilyLegacies
InheritancePractices,preserve,GenerationalKnowledge
AncestralHonoring,strengthens,IdentityConnection
CulturalHeritage,includes,AncestralTraditions
CulturalHeritage,includes,FamilyLegacies
GenerationalKnowledge,supports,CulturalContinuity
IdentityConnection,emerges from,CulturalHeritage engagement
IdentityExpress,displays,CulturalSymbols
IdentityExpress,displays,IdentityMarkers
CulturalExpression,involves,SymbolicDisplay
IdentityExpress,uses,TraditionalClothing
IdentityExpress,uses,CulturalArtifacts
IdentityExpress,uses,SymbolicObjects
CulturalSymbols,communicate,GroupBelonging
CulturalSymbols,communicate,CulturalAffiliation
SymbolicDisplay,reinforces,IdentityMarkers
TraditionalClothing,serves as,IdentityMarkers
CulturalAffiliation,expressed through,CulturalExpression
CulturalPreserver,works to maintain,EndangeredTraditions
CulturalPreserver,promotes,CulturalRevival
PreservationEfforts,include,DocumentationActivities
PreservationEfforts,include,EducationalOutreach
RevitalizationPrograms,enable,TraditionRenewal
CommunityMobilization,supports,PreservationEfforts
CommunityMobilization,supports,RevitalizationPrograms
DocumentationActivities,contribute to,CulturalSurvival
EducationalOutreach,facilitates,CulturalRevival
TraditionRenewal,ensures,CulturalSurvival
Perceiver,receives,SensoryStimuli
Perceiver,engages in,PerceptualProcessing
PerceptualProcessing,organizes,PerceptualObjects
PerceptualProcessing,organizes,SensoryPatterns
AttentionalFocus,directs,PerceptualProcessing
PerceptualFiltering,eliminates,SensoryStimuli
PerceptualProcessing,creates,OrganizedExperience
SensoryPatterns,emerge from,PerceptualObjects
SensoryMonitor,experiences,PerceptualThresholds
SensoryModalities,have,SensitivityLevels
SensoryModalities,have,DetectionLimits
SensoryMonitor,assesses,DiscriminationAbilities
SensoryAdaptation,causes,PerceptualChanges
SensoryAwareness,includes,PerceptualThresholds understanding
PerceptualAccuracy,depends on,SensitivityLevels
PerceptualAccuracy,depends on,DiscriminationAbilities
PerceptualChanges,affect,SensoryAwareness
PerceptualExplorer,encounters,PerceptualIllusions
PerceptualExplorer,encounters,SensoryMisinterpretations
PerceptualIllusions,create,discrepancies between SensoryEvidence and ActualReality
SensoryMisinterpretations,result from,PerceptualDistortions
SensoryMisinterpretations,result from,InterpretationErrors
PerceptualDistortions,reveal,PerceptualMechanisms
CognitiveInfluences,contribute to,InterpretationErrors
PerceptualMechanisms,can systematically alter,SensoryEvidence
InterpretationErrors,demonstrate,interaction between perception and cognition
MotivatedAgent,experiences,BasicNeeds
BasicNeeds,generate,BiologicalDrives
BiologicalDrives,create,MotivationalStates
MotivatedAgent,recognizes,DriveSignals
DriveSignals,motivate,GoalDirectedBehavior
NeedSatisfaction,leads to,DriveReduction
DriveReduction,restores,HomeostasisBalance
HomeostasisBalance,reduces,MotivationalStates
Achiever,pursues,PsychologicalGoals
AchievementMotivation,emerges from,CompetencyNeeds
Achiever,engages in,SkillDevelopment
Achiever,engages in,PerformanceImprovement
AccomplishmentPursuit,involves,SkillDevelopment
AccomplishmentPursuit,involves,seeking Recognition
MasteryOrientation,guides,SkillDevelopment approach
PerformanceImprovement,serves,CompetencyNeeds
PerformanceImprovement,serves,Recognition seeking
SelfActualization,emerges from,AccomplishmentPursuit
SocialSeeker,motivated by,BelongingNeeds
SocialSeeker,motivated by,RelationshipDrives
BelongingNeeds,generate,motivation for SocialConnections
RelationshipDrives,energize,SocialApproachBehavior
SocialApproachBehavior,initiates,RelationshipBuilding
RelationshipBuilding,creates,InterpersonalBonds
RelationshipBuilding,creates,SocialConnections
SocialConnections,provide,SocialAcceptance
InterpersonalBonds,can develop into,EmotionalIntimacy
SocialAcceptance,satisfies,BelongingNeeds
EmotionalIntimacy,satisfies,BelongingNeeds
EmbodiedExperiencer,maintains,BodyAwareness
ProprioceptiveMonitoring,provides,PosturalInformation
ProprioceptiveMonitoring,provides,MovementSensations
BodySchemas,organize,PosturalInformation
InteroceptiveSensing,contributes to,SomaticAwareness
SpatialEmbodiment,creates,EmbodiedPresence
SomaticAwareness,creates,EmbodiedPresence
MovementSensations,update,BodySchemas
EmbodiedPresence,integrates,BodyAwareness aspects
EnvironmentalPerceiver,experiences,EnvironmentalPresence
AmbientAwareness,detects,AtmosphericQualities
AmbientAwareness,detects,EnvironmentalMoods
SpatialSensing,contributes to,SpatialAtmospheres perception
AtmosphericQualities,influence,EnvironmentalPresence
SpatialAtmospheres,influence,EnvironmentalPresence
EnvironmentalMoods,affect,subjective experience
PlaceSense,emerges from,EnvironmentalConnection
EnvironmentalConnection,strengthens through,EnvironmentalPresence
EmbodiedFeeler,experiences,EmbodiedEmotions
SomaticResponses,generate,BodyFeedback
EmotionalEmbodiment,integrates,PhysicalFeelingStates
GutFeelings,provide,SomaticInformation
BodyEmotions,manifest as,PhysicalFeelingStates
BodyFeedback,contributes to,EmotionalAwareness
SomaticInformation,enhances,EmotionalAwareness
AttentionalController,manages,SelectiveAttention
SelectiveAttention,directs attention toward,RelevantStimuli
FocusControl,filters out,DistractingElements
AttentionalController,uses,AttentionalStrategies
ConcentrationStates,help achieve,OptimalFocus
AttentionalCompetition,challenges,OptimalFocus maintenance
AttentionalStrategies,help resolve,AttentionalCompetition
ConsciousObserver,experiences,AwarenessStates
ConsciousObserver,engages in,ConsciousMonitoring
ConsciousMonitoring,includes,CognitiveProcesses observation
MetaAwareness,enables,ConsciousnessLevels monitoring
SelfReflection,deepens,MentalStates understanding
AwarenessStates,vary across,ConsciousnessLevels
AttentionalModes,influence,ConsciousMonitoring quality
Multitasker,attempts,DividedAttention
DividedAttention,requires,AttentionalResources allocation
TaskSwitching,enables,ConcurrentTasks management
AttentionalLimitations,constrain,DividedAttention effectiveness
DividedAttention,often results in,PerformanceTradeoffs
MultitaskingStrategies,help optimize,CognitiveEfficiency
TaskSwitching,consumes,AttentionalResources
Learner,encounters,NewInformation
Learner,engages in,EncodingProcesses
EncodingProcesses,create,MemoryTraces
AttentionalEncoding,enhances,memory formation
ElaborativeProcessing,deepens,EncodingProcesses
Learner,uses,EncodingStrategies
Learner,uses,MemoryTechniques
AttentionalEncoding,enhances,InformationRetention
ElaborativeProcessing,enhances,InformationRetention
EncodingProcesses,create,DurableMemories
MemoryTechniques,optimize,MemoryTraces formation
Rememberer,attempts,MemoryRetrieval
MemoryRetrieval,involves,RecallProcesses
MemoryRetrieval,involves,RecognitionTasks
Rememberer,uses,RetrievalCues
MemorySearching,explores,MemoryContents
RetrievalCues,facilitate,StoredInformation access
RetrievalFailures,occur when,MemorySearching unsuccessful
MemoryStrategies,help overcome,RetrievalFailures
SkillDeveloper,engages in,SkillAcquisition
PracticeActivities,provide,LearningExperience
SkillAcquisition,enables,KnowledgeTransfer
SkillAcquisition,enables,SkillGeneralization
SkillDeveloper,progresses through,LearningStages
LearningExperience,contributes to,ExpertiseBuilding
LearningChallenges,must be overcome for,SkillAcquisition
ExpertiseBuilding,enhances,KnowledgeTransfer capabilities
DecisionMaker,faces,DecisionChoices
ChoiceEvaluation,applies,DecisionCriteria
DecisionMaker,analyzes,CostsAndBenefits
RiskFactors,influence,AlternativeOptions evaluation
DecisionMaker,uses,DecisionStrategies
ChoiceEvaluation,aims to identify,OptimalChoices
DecisionStrategies,help balance,CostsAndBenefits and RiskFactors
Planner,engages in,FuturePlanning
GoalSetting,establishes,LongTermGoals
FuturePlanning,develops,ActionPlans
StrategicThinking,creates,ProjectionScenarios
PlanningStrategies,guide,ActionPlans development
PlanningHorizons,determine,FuturePlanning scope
ActionPlans,bridge,current actions to GoalRealization
StrategicThinker,approaches,ComplexProblems
StrategicAnalysis,involves,ProblemDecomposition
StrategicThinker,develops,SolutionStrategies
SolutionStrategies,guide,ImplementationPlans creation
SystemicThinking,considers,ProblemConstraints
ContingencyPlanning,prepares for,multiple scenarios
ImplementationPlans,aim to achieve,StrategicOutcomes
KnowledgeSeeker,acquires,NewKnowledge
InformationGathering,involves,EvidenceEvaluation
NewKnowledge,contributes to,BeliefSystems formation
NewKnowledge,contributes to,KnowledgeStructures formation
KnowledgeSeeker,integrates,FactualInformation
EvidenceEvaluation,guides,BeliefUpdating
BeliefUpdating,modifies,ExistingBeliefs
KnowledgeIntegration,organizes,KnowledgeStructures information
EpistemicAgent,examines,UnderlyingAssumptions
EpistemicAgent,examines,TakenForGrantedBeliefs
AssumptionAnalysis,reveals,UnderlyingAssumptions
EpistemicReflection,develops,EpistemicAwareness
MetaCognition,includes,KnowledgeLimitations awareness
EpistemicAwareness,guides,BeliefValidation
BeliefValidation,tests,TakenForGrantedBeliefs
MetaCognition,enhances,AssumptionAnalysis capabilities
BeliefReviser,encounters,ConflictingEvidence
BeliefReviser,encounters,DisconfirmingInformation
ConflictingEvidence,creates,BeliefConflict
BeliefConflict,generates,CognitiveDissonance
BeliefReviser,engages in,BeliefRevision
BeliefRevision,involves,KnowledgeUpdating
KnowledgeUpdating,aims to restore,EpistemicCoherence
EpistemicCoherence,reduces,CognitiveDissonance
GoalSetter,develops,PersonalGoals
GoalFormation,involves,IntentionSetting
IntentionSetting,creates,ActionIntentions
IntentionSetting,creates,GoalCommitments
GoalSetter,engages in,GoalPrioritization
IntentionClarification,makes,ActionIntentions specific
GoalFormation,establishes,PurposefulDirection
GoalCommitments,enhance,MotivationalFocus
ActionPlanner,translates,EstablishedGoals
ImplementationPlanning,creates,ActionPlans
ActionSequencing,organizes,planned actions temporally
ActionPlanner,develops,ActionStrategies
ActionPlanner,develops,ExecutionMethods
ActionBarriers,impede,execution
ImplementationChallenges,impede,execution
ActionStrategies,help overcome,ActionBarriers
ActionPlans,lead to,GoalAchievement
VolitionalAgent,exercises,WillpowerControl
VolitionalAgent,exercises,SelfRegulation
GoalPersistence,requires,managing Temptations
GoalPersistence,requires,managing DistractingAlternatives
VolitionalAgent,uses,VolitionalStrategies
SelfControl,helps resist,Temptations
MotivationalConflicts,arise between,goals and alternatives
VolitionalStrategies,help resolve,MotivationalConflicts
WillpowerControl,enables,IntentionalAction
Evaluator,engages in,QualityAssessment
EvaluativeThinking,applies,EvaluationCriteria
QualityAssessment,produces,QualityJudgments
ComparativeEvaluations,compare,TargetObjects
ComparativeEvaluations,compare,TargetSituations
AssessmentStandards,provide,EvaluationCriteria benchmarks
EvaluationMethods,guide,QualityAssessment
QualityJudgments,determine,ObjectValue
QualityJudgments,determine,SituationalQuality
CriticalThinker,conducts,CriticalAnalysis
CriticalAnalysis,employs,AnalyticalJudgment
CriticalAnalysis,employs,LogicalEvaluation
AnalyticalJudgment,identifies,LogicalFlaws
AnalyticalJudgment,identifies,EvidenceGaps
LogicalEvaluation,detects,ReasoningErrors
CriticalThinker,applies,CriticalStandards
CriticalStandards,guide,LogicalFlaws identification
CriticalStandards,guide,ReasoningErrors identification
CriticalAnalysis,leads to,WellReasonedConclusions
PreferenceFormer,develops,PersonalPreferences
ValueClarification,helps form,ValueJudgments
PreferenceAssessment,evaluates,DesirabilityFactors
ValueClarification,considers,PersonalValues
ValueClarification,considers,ImportanceRankings
ContextualFactors,influence,PreferenceAssessment
ContextualFactors,influence,ValueClarification
PersonalPreferences,organize into,PreferenceHierarchies
ValueJudgments,establish,ValuePriorities
InformationOrganizer,creates,OrganizationalSystems
OrganizationalSystems,employ,CategoryStructures
OrganizationalSystems,employ,ClassificationSchemes
CategoryStructures,follow,TaxonomicPrinciples
TaxonomicPrinciples,guide,HierarchicalOrganization
ClassificationSchemes,create,LogicalGroupings
HierarchicalOrganization,facilitates,InformationRetrieval
LogicalGroupings,enhance,InformationRetrieval
NetworkBuilder,constructs,RelationalNetworks
NetworkBuilder,constructs,ConnectionSystems
RelationalNetworks,composed of,InformationNodes
NetworkBuilder,establishes,InterconnectedRelationships
LinkagePatterns,create,AssociativeStructures
AssociativeStructures,form,NetworkTopologies
NetworkTopologies,enable,PathwayNavigation
PathwayNavigation,utilizes,InterconnectedRelationships
ProcessOrganizer,develops,SequentialStructures
ProcessOrganizer,develops,ProceduralFrameworks
SequentialStructures,organize,InformationSequences
ProceduralFrameworks,employ,StepByStepOrganization
InformationSequences,follow,TemporalOrdering
InformationSequences,follow,LogicalProgression
StepByStepOrganization,enables,ProcessualNavigation
TemporalOrdering,guides,SequentialAccess
LogicalProgression,guides,SequentialAccess
ProcessualNavigation,utilizes,ProceduralFrameworks
DigitalCreator,produces,DigitalContent
DigitalContent,incorporates,MultimediaElements
MultimediaElements,include,TextElements
MultimediaElements,include,VisualComponents
MultimediaElements,include,AudioElements
MultimediaElements,include,InteractiveFeatures
DigitalCreator,employs,MediaIntegration
MediaIntegration,creates,IntegratedMedia
IntegratedMedia,becomes,DigitalProducts
ContentCreationTools,enable,MediaIntegration
DataProcessor,manages,DigitalInformation
InformationManagement,involves,DataInput
InformationManagement,involves,DataTransformation
InformationManagement,involves,DataOutput
DataProcessingSystems,handle,DigitalInformation processing
DataProcessor,ensures,DataIntegrity
DigitalWorkflows,optimize,SystemEfficiency
DataTransformation,modifies,DigitalInformation
SystemEfficiency,depends on,DigitalWorkflows
DigitalCommunicator,uses,DigitalPlatforms
DigitalCommunicator,uses,InteractiveSystems
DigitalPlatforms,enable,OnlineCommunication
DigitalPlatforms,enable,DigitalInteraction
CommunicationTools,facilitate,OnlineCommunication
InterfaceDesign,shapes,UserExperiences
InteractiveSystems,support,DigitalCollaboration
InteractiveSystems,support,VirtualEngagement
UserExperiences,influence,DigitalInteraction effectiveness
DigitalCollaboration,utilizes,CommunicationTools
DigitalCollaboration,utilizes,DigitalPlatforms
MathematicalThinker,works with,MathematicalSystems
MathematicalThinker,works with,LogicalStructures
MathematicalSystems,use,FormalNotations
MathematicalSystems,use,SymbolicRepresentations
SymbolicRepresentations,express,AbstractConcepts
SymbolicRepresentations,express,QuantitativeRelationships
MathematicalThinker,applies,MathematicalOperations
MathematicalOperations,transform,SymbolicRepresentations
LogicalRules,guide,FormalConclusions derivation
FormalConclusions,solve,AbstractProblems
ModelBuilder,constructs,TheoreticalModels
ModelBuilder,constructs,SystematicFrameworks
AbstractModeling,creates,ComplexPhenomena representations
TheoreticalModels,composed of,ModelComponents
TheoreticalModels,composed of,ConceptualStructures
SystematicFrameworks,include,FrameworkElements
ModelComponents,connected through,EssentialRelationships
TheoreticalModels,enable,TheoreticalPredictions
EssentialRelationships,determine,predictive capabilities
AlgorithmDesigner,develops,AlgorithmicProcesses
AlgorithmDesigner,develops,ComputationalModels
AlgorithmicProcesses,employ,SystematicProcedures
AlgorithmicProcesses,employ,LogicalSequences
StepWiseAlgorithms,implement,ComputationalLogic
AlgorithmicProcesses,designed to solve,DefinedProblems
SystematicProcedures,enable,AutomatableProcesses
LogicalSequences,guide,SystematicExecution
ComputationalModels,support,AutomatableProcesses
KnowledgeArchitect,creates,ConceptualFrameworks
KnowledgeArchitect,creates,KnowledgeStructures
ConceptualModeling,organizes,DomainKnowledge
SemanticOrganization,creates,ConceptualHierarchies
ConceptualFrameworks,include,KnowledgeMaps
KnowledgeStructures,connected through,ConceptualRelationships
ConceptualHierarchies,enable,KnowledgeNavigation
KnowledgeMaps,visualize,ConceptualRelationships
SemanticModeler,builds,SemanticNetworks
SemanticModeler,builds,MeaningStructures
SemanticNetworks,connect,ConceptualNodes
MeaningRelationships,define,SemanticConnections types
SemanticModeler,creates,SemanticMaps
ConceptualNodes,carry,ConceptualMeaning
SemanticConnections,enable,SemanticReasoning
MeaningStructures,support,SemanticReasoning
KnowledgeEngineer,develops,KnowledgeEncodingSystems
KnowledgeEngineer,develops,RepresentationFormats
KnowledgeEncodingSystems,capture,ExplicitKnowledge
KnowledgeEncodingSystems,capture,TacitUnderstanding
RepresentationFormats,create,KnowledgeBases
KnowledgeEncodingSystems,preserve,InformationalContent
KnowledgeBases,enable,KnowledgeRetrieval
KnowledgeBases,enable,KnowledgeApplication
RepresentationSchemas,organize,InformationalContent
KnowledgeRetrieval,accesses,ExplicitKnowledge
TimeOrganizer,creates,TemporalFrameworks
ChronologicalSystems,organize,TimeUnits
CalendarSystems,provide,TemporalFrameworks structure
SchedulingMethods,coordinate,TemporalEvents
TemporalOrganization,enables,TimeManagement
TemporalEvents,occur within,TemporalSequences
TimeManagement,utilizes,CalendarSystems
TimeManagement,utilizes,SchedulingMethods
RhythmRecognizer,identifies,CyclicalPatterns
RhythmRecognizer,identifies,TemporalRhythms
CyclicalPatterns,manifest in,RecurringEvents
CyclicalPatterns,manifest in,PeriodicPhenomena
TemporalCycles,organize,RecurringEvents
SeasonalPatterns,create,TemporalCycles
RhythmicSequences,demonstrate,TemporalRegularities
TemporalRegularities,enable,CyclicalOccurrences prediction
PeriodicPhenomena,follow,TemporalRhythms
TemporalExperiencer,perceives,TemporalDuration
TimePassage,creates,TemporalAwareness
TemporalPerception,involves,TemporalDuration processing
TemporalPerception,involves,TimePassage processing
TimeDistortion,causes,DurationVariations
TemporalContext,influences,SubjectiveTime
ActivityEngagement,affects,TemporalPerception
TemporalAwareness,enables,TimeDistortion recognition
MovementTracker,observes,MovementPatterns
MovementTracker,observes,DirectionalMovement
MovingEntities,follow,TrajectoryPaths
MovementTracker,uses,NavigationalCues
MovementTracker,uses,SpatialReference
NavigationalCues,inform,PathPlanning
MotionAnalysis,predicts,MovementOutcomes
PathPlanning,optimizes,DirectionalMovement
SpatialReference,provides,MotionDirections framework
MotionAnalyst,studies,VelocityChanges
MotionAnalyst,studies,AccelerationPatterns
DynamicMotion,exhibits,SpeedVariations
AcceleratingObjects,demonstrate,AccelerationPatterns
DeceleratingMovement,shows,AccelerationPatterns
ForceEffects,cause,VelocityChanges
MotionCausation,links,ForceEffects to MotionDynamics
MotionDynamics,explain,SpeedVariations
TrajectoryPredictor,analyzes,CurrentMotion
TrajectoryPredictor,analyzes,MovementTrends
MotionExtrapolation,projects,CurrentMotion
TrajectoryModeling,creates,PredictedPaths
PredictedPaths,lead to,MotionOutcomes
TrajectoryPredictor,identifies,CollisionPotentials
MotionExtrapolation,enables,CollisionPotentials prediction
TrajectoryModeling,optimizes,FuturePositions accuracy
ChangeObserver,monitors,DevelopmentalProcesses
ChangeObserver,monitors,GradualChanges
DevelopmentalProcesses,occur through,ProgressionStages
DevelopmentalProcesses,occur through,TransformationPhases
EvolvingSystems,exhibit,ChangePatterns
GradualChanges,follow,DevelopmentalTrends
ProcessContinuity,connects,ProgressionStages
EvolutionarySequences,span,TransformationPhases
ChangePatterns,enable,DevelopmentalTrends prediction
CycleTracker,identifies,CyclicalChanges
CycleTracker,identifies,RecurringTransformations
CyclicalSystems,exhibit,ChangeRhythms
CyclicalSystems,exhibit,TransformationCycles
RecurringTransformations,create,PeriodicVariations
ChangeRhythms,demonstrate,TemporalRecurrence
CyclicalTrends,emerge from,TransformationCycles
TemporalRecurrence,enables,CyclicalPredictability
CyclicalPredictability,allows,PeriodicVariations anticipation
TransitionWitness,observes,SuddenChanges
TransitionWitness,observes,TransformationalEvents
TransformationalEvents,trigger,AbruptTransitions
TransformationalEvents,trigger,RapidTransformations
ChangingSystems,reach,ChangeThresholds
CriticalPoints,mark,TransformationalEvents likelihood
TransitionCausation,explains,SuddenChanges occurrence
RapidTransformations,produce,TransformationOutcomes
ChangeThresholds,determine,AbruptTransitions timing
MoralEvaluator,engages in,EthicalAssessment
EthicalAssessment,applies,MoralCriteria
EthicalAssessment,applies,EthicalStandards
MoralEvaluator,uses,MoralReasoning
MoralReasoning,considers,MoralFactors
MoralReasoning,considers,EthicalContext
MoralFactors,include,MoralConsequences analysis
EthicalAssessment,produces,MoralJudgments
MoralReasoning,leads to,EthicalConclusions
ResponsibilityAssessor,evaluates,MoralResponsibility
ResponsibilityAssessor,evaluates,BlameAttribution
Assessment,examines,AgentIntentions
Assessment,examines,CausalContribution
Assessment,examines,ControlFactors
MitigatingCircumstances,reduce,MoralResponsibility
AggravatingFactors,increase,MoralResponsibility
ResponsibilityAssessor,determines,MoralAccountability
MoralAccountability,results in,MoralCredit assignment
MoralAccountability,results in,MoralBlame assignment
AgentIntentions,influence,BlameAttribution degree
MoralArbitrator,addresses,MoralConflicts
MoralArbitrator,addresses,EthicalDilemmas
MoralConflicts,involve,CompetingValues
MoralConflicts,involve,ConflictingDuties
EthicalDilemmas,create,ValueTensions
MoralArbitrator,uses,MoralBalancing
MoralArbitrator,uses,EthicalPrioritization
MoralBalancing,weighs,CompetingValues
EthicalPrioritization,determines,ConflictingDuties precedence
Resolution,involves,EthicalTradeoffs acceptance
MoralSolutions,achieve,MoralResolution
RightsAdvocate,identifies,FundamentalRights
RightsAdvocate,identifies,MoralEntitlements
RightsHolders,make,RightsClaims
RightsAdvocate,works to ensure,RightsProtection
RightsAdvocate,works to ensure,RightsRespect
RightsProtection,prevents,RightsViolations
RightsRespect,involves,RightsClaims recognition
RightsAdvocate,addresses,RightsViolations
RightsFulfillment,realizes,FundamentalRights
DutyBearer,recognizes,MoralObligations
DutyBearer,recognizes,EthicalDuties
MoralObligations,arise from,DutyBases
MoralObligations,arise from,ObligationSources
DutyBearer,engages in,DutyFulfillment
DutyBearer,engages in,ObligationCompliance
DutyFulfillment,involves,ObligationRecipients responsibilities
DutyBearer,must manage,DutyConflicts
ObligationLimits,define,EthicalDuties boundaries
ObligationCompliance,demonstrates,MoralObligations respect
JusticeSeeker,pursues,FairTreatment
JusticeSeeker,pursues,JustOutcomes
JusticeProcesses,apply,FairnessStandards
JusticeProcesses,apply,JusticePrinciples
JusticeSeeker,addresses,Injustices
JusticeSeeker,addresses,UnfairTreatment
ProceduralJustice,ensures,JusticeProcesses fairness
DistributiveJustice,promotes,JustOutcomes equity
FairnessStandards,define,FairTreatment
JusticeRealization,represents,justice goals achievement
MoralAgent,experiences,MoralEmotions
MoralAgent,experiences,ConscienceResponses
ConscienceResponses,generate,MoralGuilt
ConscienceResponses,generate,MoralPride
ConscienceResponses,generate,MoralShame
MoralEmotions,arise from,SelfEvaluation
MoralAgent,engages in,MoralReflection
ConscienceListening,provides,MoralBehavior guidance
MoralReflection,aims to achieve,MoralAlignment
MoralAlignment,reduces,MoralEmotions
MoralObserver,experiences,EmpathicResponses
MoralObserver,experiences,MoralIndignation
MoralObserver,feels,MoralAdmiration
MoralDisgust,arises in response to,moral violations
MoralObserver,provides,MoralSupport
MoralCorrection,addresses,moral wrongdoing
VicariousEmotions,enable,MoralSympathy
MoralSympathy,motivates,MoralSupport
MoralRepairer,engages in,MoralRepair
MoralRepair,involves,ForgivenessProcesses
MoralRepair,seeks,MoralReconciliation
Atonement,demonstrates,Remorse
MoralRepairer,makes,MoralAmends
ForgivenessProcesses,enable,RelationshipRestoration
MoralAmends,contribute to,MoralHealing
MoralReconciliation,achieves,RelationshipRestoration
MoralReconciliation,achieves,MoralHealing