parent,relation,child
Causation,inheritance,Cause_to_start
Container_focused_removing,inheritance,Emptying
Container_focused_placing,inheritance,Filling
Cause_bodily_experience,inheritance,Cause_harm
Trying_out,inheritance,Tasting
Cause_harm,inheritance,Corporal_punishment
Influencing_potential,inheritance,Authority
Likelihood,inheritance,Run_risk
Attempt,inheritance,Work
Attempt,inheritance,Attempt_suasion
Attempt,inheritance,Attempt_means
Attempt,inheritance,Reject_leadership
Trap,inheritance,Prank
Possession,inheritance,Pre_lose_possession
Possession,inheritance,Post_lose_possession
Possession,inheritance,Pre_getting
Possession,inheritance,Post_getting
Possession,inheritance,Pre_transfer
Possession,inheritance,Post_transfer
Possession,inheritance,Retaining
Possession,inheritance,Bearing_arms
Deception_end,inheritance,Intentional_deception
Deception_end,inheritance,Deception_success
Endeavor_failure,inheritance,Business_closure
Government_institution,inheritance,Law_enforcement_agency
Activity,inheritance,Apply_heat
Inherent_purpose,inheritance,Tool_purpose
Type,inheritance,Biological_classification
Disaster_scenario,inheritance,Fire_emergency_scenario
Emergency,inheritance,Crime
Emergency,inheritance,Natural_disaster
Emergency,inheritance,Disease
Emergency,inheritance,Medical_conditions
Emergency,inheritance,Accident
Reading_activity,inheritance,Reading_perception
Reading_activity,inheritance,Reading_aloud
Conditional_scenario,inheritance,Preferred_alternative_scenario
Manipulation,inheritance,Ingestion
Manipulation,inheritance,Aiming
Alternativity,inheritance,Negation
Alternativity,inheritance,Conditional_scenario
Instance,inheritance,Event_instance
Instance,inheritance,Exemplar
Process_start,inheritance,Activity_start
Process_start,inheritance,Come_into_effect
Giving,inheritance,Commerce_sell
Giving,inheritance,Commerce_pay
Giving,inheritance,Supply
Giving,inheritance,Surrendering_possession
Giving,inheritance,Submitting_documents
Giving,inheritance,Lending
Part_whole,inheritance,Shaped_part
Part_whole,inheritance,Part_orientational
Part_whole,inheritance,Part_edge
Part_whole,inheritance,Part_inner_outer
Part_whole,inheritance,Part_ordered_segments
Part_whole,inheritance,Rest
Part_whole,inheritance,Vehicle_subpart
Part_whole,inheritance,Clothing_parts
Part_whole,inheritance,Artifact_subpart
Part_piece,inheritance,Part_whole
Process_stop,inheritance,Activity_stop
Process_continue,inheritance,Sleep
Process_continue,inheritance,Activity_ongoing
Process_resume,inheritance,Activity_resume
Attempting_and_resolving_scenario,inheritance,Attempt_distant_interaction_scenario
Attempting_and_resolving_scenario,inheritance,Attempt_obtain_food_scenario
Attempting_and_resolving_scenario,inheritance,Attempt_obtain_mineral_scenario
Basis_for_attribute,inheritance,Time_vector
Basis_for_attribute,inheritance,Temporal_collocation
Process_initial_state,inheritance,Activity_ready_state
Process_stopped_state,inheritance,Activity_paused_state
Preventing_or_letting,inheritance,Prevent_or_allow_possession
Preventing_or_letting,inheritance,Self_control
Preventing_or_letting,inheritance,Thwarting
Progression,inheritance,Ontogeny
Transition_to_a_quality,inheritance,Absorb_heat
Transition_to_a_quality,inheritance,Becoming_attached
Transition_to_a_quality,inheritance,Becoming_dry
Transition_to_a_quality,inheritance,Becoming_detached
Transition_to_a_quality,inheritance,Becoming_visible
Transition_to_a_state,inheritance,Ceasing_to_be
Transition_to_a_state,inheritance,Undergo_change
Transition_to_a_state,inheritance,Transition_to_a_situation
Transition_to_a_state,inheritance,Becoming
Undergoing_scenario,inheritance,Violence
Becoming,inheritance,Transition_to_a_quality
Activity_ongoing,inheritance,Retaining
Activity_finish,inheritance,Finish_game
Activity_stop,inheritance,Halt
Activity_ready_state,inheritance,Be_on_alert
Transfer,inheritance,Commerce_goods-transfer
Transfer,inheritance,Commerce_money-transfer
Getting,inheritance,Commerce_collect
Getting,inheritance,Receiving
Getting,inheritance,Amassing
Getting,inheritance,Taking
Getting,inheritance,Commerce_buy
Getting,inheritance,Kidnapping
Quantified_mass,inheritance,Proportional_quantity
Intentionally_act,inheritance,Name_conferral
Intentionally_act,inheritance,Intentionally_affect
Intentionally_act,inheritance,Avoiding
Intentionally_act,inheritance,Intentionally_create
Intentionally_act,inheritance,Ingest_substance
Intentionally_act,inheritance,Choosing
Intentionally_act,inheritance,Self_motion
Intentionally_act,inheritance,Perception_active
Intentionally_act,inheritance,Activity_finish
Intentionally_act,inheritance,Practice
Intentionally_act,inheritance,Heralding
Intentionally_act,inheritance,Get_a_job
Intentionally_act,inheritance,Quitting
Intentionally_act,inheritance,Clemency
Intentionally_act,inheritance,Exchange
Intentionally_act,inheritance,Change_tool
Intentionally_act,inheritance,Resolve_problem
Intentionally_act,inheritance,Intercepting
Intentionally_act,inheritance,Forming_relationships
Intentionally_act,inheritance,Collaboration
Intentionally_act,inheritance,Change_posture
Intentionally_act,inheritance,Bail_decision
Intentionally_act,inheritance,Assistance
Intentionally_act,inheritance,Atonement
Intentionally_act,inheritance,Daring
Intentionally_act,inheritance,Execute_plan
Intentionally_act,inheritance,Becoming_a_member
Intentionally_act,inheritance,Giving
Intentionally_act,inheritance,Front_for
Intentionally_act,inheritance,Examination
Intentionally_act,inheritance,Piracy
Intentionally_act,inheritance,Passing_off
Intentionally_act,inheritance,Hostile_encounter
Intentionally_act,inheritance,Visiting
Intentionally_act,inheritance,Confronting_problem
Intentionally_act,inheritance,Legal_rulings
Intentionally_act,inheritance,Working_a_post
Intentionally_act,inheritance,Military_operation
Intentionally_act,inheritance,Assemble
Intentionally_act,inheritance,Attending
Intentionally_act,inheritance,Exercising
Intentionally_act,inheritance,Contacting
Intentionally_act,inheritance,Medical_intervention
Lose_possession,inheritance,Giving
Pre_lose_possession,inheritance,Pre_giving
Post_lose_possession,inheritance,Post_giving
Lose_possession_scenario,inheritance,Giving_scenario
Rewards_and_punishments,inheritance,Fining
Rewards_and_punishments,inheritance,Corporal_punishment
Rewards_and_punishments,inheritance,Execution
Rewards_and_punishments,inheritance,Revenge
Being_named,inheritance,Appellations
Intentionally_affect,inheritance,Rewards_and_punishments
Intentionally_affect,inheritance,Cutting
Intentionally_affect,inheritance,Attack
Intentionally_affect,inheritance,Attaching
Intentionally_affect,inheritance,Inhibit_movement
Intentionally_affect,inheritance,Immobilization
Intentionally_affect,inheritance,Hiring
Intentionally_affect,inheritance,Cause_to_experience
Intentionally_affect,inheritance,Reparation
Intentionally_affect,inheritance,Rape
Intentionally_affect,inheritance,Firing
Intentionally_affect,inheritance,Arranging
Intentionally_affect,inheritance,Adjusting
Intentionally_affect,inheritance,Extradition
Intentionally_affect,inheritance,Hit_target
Intentionally_affect,inheritance,Grooming
Intentionally_affect,inheritance,Cause_to_amalgamate
Intentionally_affect,inheritance,Closure
Intentionally_affect,inheritance,Manipulation
Intentionally_affect,inheritance,Releasing
Intentionally_affect,inheritance,Manipulate_into_doing
Intentionally_affect,inheritance,Taking
Intentionally_affect,inheritance,Processing_materials
Intentionally_affect,inheritance,Education_teaching
Intentionally_affect,inheritance,Using
Intentionally_affect,inheritance,Manipulate_into_shape
Intentionally_affect,inheritance,Arrest
Intentionally_affect,inheritance,Change_accessibility
Intentionally_affect,inheritance,Appointing
Intentionally_affect,inheritance,Limiting
Intentionally_affect,inheritance,Abandonment
Intentionally_affect,inheritance,Breaking_out_captive
Intentionally_affect,inheritance,Making_arrangements
Intentionally_affect,inheritance,Rescuing
Intentionally_affect,inheritance,Publishing
Intentionally_affect,inheritance,Short_selling
Intentionally_affect,inheritance,Cause_emotion
Intentionally_affect,inheritance,Apply_heat
Intentionally_affect,inheritance,Cause_to_make_progress
Intentionally_affect,inheritance,Cause_to_perceive
Intentionally_affect,inheritance,Change_operational_state
Intentionally_affect,inheritance,Detaching
Intentionally_affect,inheritance,Gathering_up
Intentionally_affect,inheritance,Hiding_objects
Intentionally_affect,inheritance,Soaking
Intentionally_affect,inheritance,Replacing
Intentionally_affect,inheritance,Separating
Intentionally_affect,inheritance,Silencing
Intentionally_affect,inheritance,Distributed_abundanced
Intentionally_affect,inheritance,Wagering
Process_end,inheritance,Activity_finish
Process,inheritance,Arraignment
Process,inheritance,Activity
Process,inheritance,Precipitation
Process_completed_state,inheritance,Activity_done_state
Bringing,inheritance,Smuggling
Competition,inheritance,Elimination_tournament
Competition,inheritance,Preliminary_stage
Inhibit_movement,inheritance,Imprisonment
Relation,inheritance,Inherent_purpose
Entity,inheritance,Actually_occurring_entity
Entity,inheritance,Languages
Entity,inheritance,Supernatural_entity
Entity,inheritance,Biological_entity
Entity,inheritance,Artifact
Entity,inheritance,Physical_entity
Entity,inheritance,Representing
Seeking,inheritance,Shopping
Avoiding,inheritance,Evading
Avoiding,inheritance,Dodging
Scrutiny,inheritance,Reading_perception
Scrutiny,inheritance,Verification
Scrutiny,inheritance,Scrutinizing_for
Scrutiny,inheritance,Research
Intentionally_create,inheritance,Manufacturing
Intentionally_create,inheritance,Text_creation
Intentionally_create,inheritance,Achieving_first
Intentionally_create,inheritance,Knot_creation
Intentionally_create,inheritance,Duplication
Intentionally_create,inheritance,Translating
Intentionally_create,inheritance,Cooking_creation
Commitment,inheritance,Threatening
Coming_to_be,inheritance,Being_born
Releasing,inheritance,Releasing_from_custody
Creating,inheritance,Intentionally_create
Desirability,inheritance,Aesthetics
Desirability,inheritance,Desirable_event
Desirability,inheritance,Social_desirability
Desirability,inheritance,Popularity
Deciding,inheritance,Choosing
Deciding,inheritance,Referee_actions
Deciding,inheritance,Forgoing
Deciding,inheritance,Holding_off_on
Desiring,inheritance,Preference
Inclination,inheritance,Health_response
Inclination,inheritance,Accuracy
Inclination,inheritance,Volubility
Inclination,inheritance,Sociability
Inclination,inheritance,Personality_traits
Request,inheritance,Request_entity
Request,inheritance,Appeal
Assistance,inheritance,Supporting
Taking,inheritance,Theft
Receiving,inheritance,Borrowing
Damaging,inheritance,Reshaping
Artifact,inheritance,Weapon
Artifact,inheritance,Connectors
Artifact,inheritance,Clothing
Artifact,inheritance,Law
Artifact,inheritance,Ammunition
Artifact,inheritance,Fastener
Artifact,inheritance,Infrastructure
Artifact,inheritance,Vehicle
Artifact,inheritance,Body_decoration
Artifact,inheritance,Text
Artifact,inheritance,Money
Artifact,inheritance,Information_display
Artifact,inheritance,Controller_object
Artifact,inheritance,Key
Artifact,inheritance,Fire_break
Artifact,inheritance,Furniture
Artifact,inheritance,Utensils
Artifact,inheritance,Appliances
Artifact,inheritance,Toys
Artifact,inheritance,Noise_makers
Artifact,inheritance,Musical_instruments
Artifact,inheritance,Materials_used_in_healthcare
Artifact,inheritance,Health_exam
Artifact,inheritance,Accoutrements
Artifact,inheritance,Gizmo
Artifact,inheritance,Assistive_Technology
Sign,inheritance,Omen
Sign,inheritance,Leaving_traces
Similarity,inheritance,Be_in_agreement_on_assessment
Similarity,inheritance,Diversity
Thwarting,inheritance,Subversion
Killing,inheritance,Execution
Processing_materials,inheritance,Preserving_materials
Cause_change,inheritance,Change_event_time
Cause_change,inheritance,Change_event_duration
Cause_change,inheritance,Exchange_currency
Come_together,inheritance,Assemble
Come_together,inheritance,Encounter
Contingency,inheritance,Have_as_requirement
Arriving,inheritance,Visiting_scenario_arrival
Arriving,inheritance,Vehicle_landing
Being_located,inheritance,Visiting
Being_located,inheritance,Presence
Attributes,inheritance,Scope
Attributes,inheritance,Race_descriptor
Attributes,inheritance,Gender_or_sexual_orientation_descriptor
Attributes,inheritance,frm_lateralidade
Attributes,inheritance,Shapes
Attributes,inheritance,frm_patterns
Attributes,inheritance,Gradable_attributes
Attributes,inheritance,Measurable_attributes
Attributes,inheritance,Description_oriented_by_body_part
Attributes,inheritance,Range
Measurable_attributes,inheritance,Speed_description
Measurable_attributes,inheritance,Age
Measurable_attributes,inheritance,Temperature
Measurable_attributes,inheritance,Unemployment_rate
Measurable_attributes,inheritance,Location_of_light
Measurable_attributes,inheritance,Sound_level
Measurable_attributes,inheritance,Rate_description
Measurable_attributes,inheritance,Duration_description
Measurable_attributes,inheritance,Size
Measurable_attributes,inheritance,Vital_signs
Shaped_part,inheritance,Architectural_part
Architectural_part,inheritance,Connecting_architecture
Reciprocality,inheritance,Exchange
Reciprocality,inheritance,Amalgamation
Reciprocality,inheritance,Being_attached
Reciprocality,inheritance,Make_acquaintance
Reciprocality,inheritance,Collaboration
Reciprocality,inheritance,Commercial_transaction
Reciprocality,inheritance,Similarity
Reciprocality,inheritance,Chatting
Reciprocality,inheritance,Sharing
Reciprocality,inheritance,Arithmetic
Gradable_attributes,inheritance,Measurable_attributes
Gradable_attributes,inheritance,Addiction
Gradable_attributes,inheritance,Sharpness
Gradable_attributes,inheritance,Obviousness
Gradable_attributes,inheritance,Prominence
Gradable_attributes,inheritance,Margin_of_resolution
Gradable_attributes,inheritance,Abundance
Gradable_attributes,inheritance,Social_behavior_evaluation
Gradable_attributes,inheritance,Familiarity
Gradable_attributes,inheritance,Position_on_a_scale
Gradable_attributes,inheritance,Correctness
Gradable_attributes,inheritance,Similarity
Gradable_attributes,inheritance,Capability
Gradable_attributes,inheritance,Difficulty
Gradable_attributes,inheritance,Color
Gradable_attributes,inheritance,Wealthiness
Gradable_attributes,inheritance,Likelihood
Gradable_attributes,inheritance,Desirability
Gradable_attributes,inheritance,Body_description_part
Gradable_attributes,inheritance,Body_description_holistic
Gradable_attributes,inheritance,Intoxication
Gradable_attributes,inheritance,Suitability
Gradable_attributes,inheritance,Being_active
Gradable_attributes,inheritance,Artificiality
Gradable_attributes,inheritance,Certainty
Gradable_attributes,inheritance,Inclination
Gradable_attributes,inheritance,Biological_urge
Gradable_attributes,inheritance,Compatibility
Gradable_attributes,inheritance,Chemical-sense_description
Gradable_attributes,inheritance,Usefulness
Gradable_attributes,inheritance,Frequency
Gradable_attributes,inheritance,Fullness
Gradable_attributes,inheritance,Taking_time
Gradable_attributes,inheritance,Completeness
Gradable_attributes,inheritance,Risky_situation
Gradable_attributes,inheritance,Being_wet
Gradable_attributes,inheritance,Being_rotted
Gradable_attributes,inheritance,Obscurity
Gradable_attributes,inheritance,Luck
Gradable_attributes,inheritance,Color_qualities
Gradable_attributes,inheritance,Level_of_light
Gradable_attributes,inheritance,Judgment_of_intensity
Gradable_attributes,inheritance,Gradable_artistic_quality
Gradable_attributes,inheritance,Chemical_potency
Gradable_attributes,inheritance,System_complexity
Gradable_attributes,inheritance,Notability
Gradable_attributes,inheritance,Description_of_symptom_or_health_condition
Gradable_attributes,inheritance,Medical_conditions
Gradable_attributes,inheritance,Being_at_risk
Gradable_attributes,inheritance,Being_dry
Gradable_attributes,inheritance,Accident_description
Gradable_attributes,inheritance,Friendly_or_hostile
Departing,inheritance,Escaping
Gradable_attributes,inheritance,Personal_success
Departing,inheritance,Visiting_scenario_departing
Objective_influence,inheritance,Control
Objective_influence,inheritance,Transitive_action
Misdeed,inheritance,Committing_crime
Using,inheritance,Operating_a_system
Using,inheritance,Use_firearm
Using,inheritance,Expend_resource
Using,inheritance,Detonate_explosive
Research,inheritance,Trying_out
Placing,inheritance,Dispersal
Placing,inheritance,Burying
Undergo_change,inheritance,Nuclear_process
Education_teaching,subframe,Examination
Deception_scenario,subframe,Deception_end
Arraignment,subframe,Bail_decision
Arraignment,subframe,Notification_of_charges
Arraignment,subframe,Entering_of_plea
Inhibit_motion_scenario,subframe,Inhibit_movement
Inhibit_motion_scenario,subframe,Taking_captive
Inhibit_motion_scenario,subframe,Releasing
Activity,subframe,Activity_finish
Activity,subframe,Activity_ongoing
Activity,subframe,Activity_ready_state
Activity,subframe,Activity_prepare
Activity,subframe,Activity_pause
Activity,subframe,Activity_stop
Activity,subframe,Activity_abandoned_state
Activity,subframe,Activity_done_state
Activity,subframe,Activity_paused_state
Activity,subframe,Activity_start
Activity,subframe,Activity_resume
Arrival,subframe,Arrival_at_lodge
Arrival,subframe,Arrival_at_destination
Attempting_and_resolving_scenario,subframe,Result_of_attempt_scenario
Attempting_and_resolving_scenario,subframe,Attempt_action_scenario
Dynamic_situation_scenario,subframe,Event
Dynamic_situation_scenario,subframe,Event_initial_state
Dynamic_situation_scenario,subframe,Event_endstate
Lose_possession_scenario,subframe,Post_lose_possession
Lose_possession_scenario,subframe,Pre_lose_possession
Lose_possession_scenario,subframe,Lose_possession
Causation_scenario,subframe,Causation
Process,subframe,Process_completed_state
Process,subframe,Process_continue
Process,subframe,Process_end
Process,subframe,Process_initial_state
Process,subframe,Process_resume
Process,subframe,Process_start
Process,subframe,Process_stop
Process,subframe,Process_stopped_state
Process,subframe,Process_uncompleted_state
Process,subframe,Process_pause
Weather,subframe,Precipitation
Travel,subframe,Setting_out
Artifact,subframe,Artifact_subpart
Education_teaching,subframe,Studying
Receiving_scenario,subframe,Pre_receiving
Receiving_scenario,subframe,Receiving
Receiving_scenario,subframe,Post_receiving
Cause_harm,using,Toxic_substance
Cause_harm,using,Abusing
Cause_harm,using,Violence
Cause_harm,using,Terrorism
Cause_harm,using,Rape
Influencing_potential,using,Manipulate_into_doing
Authority,using,Patrolling
Likelihood,using,Capability
Likelihood,using,Luck
Catastrophe,using,Accident
Intentional_deception,using,Trap
Compliance,using,Legality
Compliance,using,Strictness
Becoming_visible,using,Perception
Possession,using,Wealthiness
Possession,using,Change_of_quantity_of_possession
Possession,using,Sacrificing_for
Possession,using,Capital_stock
Limiting,using,Limitation
Type,using,Diversity
Making_arrangements,using,Scheduling
Manipulation,using,Cause_to_move_in_place
Manipulation,using,Attempt_distant_interaction_scenario
Instance,using,Categorization
Instance,using,Identicality
Instance,using,Sole_instance
Giving,using,Offering
Giving,using,Cause_benefit_or_detriment
Get_document,using,Documents
Part_whole,using,Inclusion
Part_whole,using,Completeness
Part_orientational,using,Temporal_subregion
Process_stopped_state,using,Activity_abandoned_state
Preventing_or_letting,using,Level_of_force_resistance
Preventing_or_letting,using,Sex
Progression,using,Stage_of_progress
Result_of_attempt_scenario,using,Expertise
Activity_ongoing,using,Cause_to_move_in_place
Activity_ongoing,using,Being_active
Activity_ready_state,using,Standing_by
Attaching,using,Connectors
Intentionally_act,using,Bungling
Intentionally_act,using,Conduct
Intentionally_act,using,Accomplishment
Intentionally_act,using,Reason
Intentionally_act,using,Assistance
Intentionally_act,using,Deciding
Intentionally_act,using,Remembering_to_do
Intentionally_act,using,Waiting
Intentionally_act,using,Subjective_influence
Intentionally_act,using,Experience_bodily_harm
Intentionally_act,using,Responsibility
Direction,using,Time_vector
Direction,using,Change_direction
Evidence,using,Explaining_the_facts
Evidence,using,Sign
Being_named,using,Namesake
Being_named,using,Referring_by_name
Intentionally_affect,using,Arson
Intentionally_affect,using,Import_export_scenario
Intentionally_affect,using,Bungling
Process,using,Temporal_pattern
Bounded_entity,using,Containers
Bounded_entity,using,Shapes
Bringing,using,Sending
Bringing,using,Convoy
Sending,using,Delivery
Sending,using,Sent_items
Inhibit_movement,using,Arrest
Inhibit_movement,using,Detaining
Inhibit_movement,using,Prison
Inhibit_movement,using,Being_in_captivity
Entity,using,Cycle_of_existence_scenario
Closure,using,Clothing
Closure,using,Fastener
Abounding_with,using,Mass_motion
Abounding_with,using,Expensiveness
Seeking,using,Criminal_investigation
Scrutiny,using,Experimentation
Commitment,using,Make_agreement_on_action
Commitment,using,Going_back_on_a_commitment
Being_attached,using,Being_detached
Impact,using,Friction
Detaining,using,Releasing_from_custody
Releasing,using,Freeing_from_confinement
Creating,using,Ingredients
Boundary,using,Bounded_entity
Sufficiency,using,Meet_specifications
Choosing,using,Waver_between_options
Choosing,using,Adopt_selection
Choosing,using,Willingness
Desirability,using,Grooming
Desirability,using,Thriving
Desirability,using,Preferred_alternative_scenario
Surpassing,using,Beyond_compare
Motion_directional,using,Sidereal_appearance
Motion_directional,using,Precariousness
Desiring,using,Needing
Desiring,using,Purpose
Questioning,using,Court_examination
Run_risk,using,Protecting
Run_risk,using,Wagering
Custom,using,Craft
Custom,using,Manner_of_life
Cause_to_start,using,Launch_process
Being_obligated,using,Temporary_leave
Cause_impact,using,Hit_target
Containing,using,Containers
Containing,using,Fullness
Forgiveness,using,Atonement
First_rank,using,Dominate_situation
Importance,using,Emphasizing
Importance,using,Individual_history
Importance,using,Historic_event
Importance,using,Degree
Render_nonfunctional,using,Being_operational
Destroying,using,Cause_to_fragment
Artifact,using,Being_operational
Hindering,using,Difficulty
Similarity,using,Distinctiveness
Similarity,using,Correctness
Similarity,using,Typicality
Similarity,using,Imitating
Purpose,using,Project
Purpose,using,Left_to_do
Purpose,using,Remembering_to_do
Purpose,using,Elusive_goal
Purpose,using,Tool_purpose
Documents,using,Terms_of_agreement
Killing,using,Surviving
Amounting_to,using,Adding_up
Processing_materials,using,Degree_of_processing
Cause_change,using,Reforming_a_system
Cause_change,using,Adjusting
Contingency,using,Reliance
Being_located,using,Bounded_entity
Measurable_attributes,using,Extreme_value
Measurable_attributes,using,Accuracy
Reciprocality,using,Commonality
Reciprocality,using,Participation
Cotheme,using,Entourage
Gradable_attributes,using,First_rank
Gradable_attributes,using,Extreme_point
Aesthetics,using,Artistic_style
Departing,using,Disembarking
Intentionally_act,using,Rite
Membership,using,Exclude_member
Membership,using,Member_of_military
First_experience,using,Achieving_first
Misdeed,using,Guilt_or_innocence
Using,using,Artifact
Using,using,Usefulness
Participation,using,Withdraw_from_participation
Secrecy_status,using,Cache
Path_shape,using,Traversing
State_continue,using,Continued_state_of_affairs
Being_necessary,using,Required_event
Being_necessary,using,Taking_time
Placing,using,Dressing
Placing,using,Arranging
Placing,using,Installing
Placing,using,Storing
Placing,using,Dunking
Exchange,using,Exchange_currency
Removing,using,Undressing
Removing,using,Dunking
Endeavor_failure,see_also,Business_closure
Reading_activity,see_also,Reading_perception
Spatial_contact,see_also,Ride_vehicle
Spatial_contact,see_also,Wearing
Spatial_contact,see_also,Topic
Presentation_of_mitigation,see_also,Concessive
Presentation_of_mitigation,see_also,Conditional_scenario
Progression,see_also,Improvement_or_decline
Transition_to_a_situation,see_also,Process_start
Transition_to_a_situation,see_also,Transition_to_a_state
Transition_to_a_state,see_also,Undergo_change
Quantified_mass,see_also,Quantity
Bringing,see_also,Passing
Bringing,see_also,Sending
Deciding,see_also,Choosing
Run_risk,see_also,Risky_situation
Run_risk,see_also,Being_at_risk
Being_obligated,see_also,Required_event
Measurable_attributes,see_also,Dimension
Memorization,see_also,Education_teaching
Typicality,see_also,Idiosyncrasy
Placing,see_also,Removing
Placing,see_also,Filling
Exchange,see_also,Replacing
Cause_harm,reframing_mapping,Corporal_punishment
Cause_harm,reframing_mapping,Cause_impact
Non-gradable_proximity,reframing_mapping,Adjacency
Non-gradable_proximity,reframing_mapping,Directional_locative_relation
Expertise,reframing_mapping,Desirability
Part_orientational,reframing_mapping,Part_inner_outer
Activity_start,reframing_mapping,Cause_to_start
Deny_or_grant_permission,reframing_mapping,Preventing_or_letting
Dynamism,reframing_mapping,Level_of_force_exertion
Transition_to_a_state,reframing_mapping,Transition_to_a_quality
Transition_to_a_state,reframing_mapping,Becoming
Activity_finish,reframing_mapping,Activity_stop
Being_named,reframing_mapping,Namesake
Being_named,reframing_mapping,Referring_by_name
Competition,reframing_mapping,Finish_competition
Gathering_up,reframing_mapping,Come_together
Bungling,reframing_mapping,Expertise
Seeking,reframing_mapping,Scrutiny
Escaping,reframing_mapping,Fleeing
Avoiding,reframing_mapping,Evading
Avoiding,reframing_mapping,Escaping
Avoiding,reframing_mapping,Forgoing
Avoiding,reframing_mapping,Dodging
Scrutiny,reframing_mapping,Seeking
Scrutiny,reframing_mapping,Research
Scrutiny,reframing_mapping,Scouring
Evading,reframing_mapping,Dodging
Evading,reframing_mapping,Elusive_goal
Reading_perception,reframing_mapping,Scrutiny
Reading_perception,reframing_mapping,Reading_activity
Intentionally_create,reframing_mapping,Creating
Encoding,reframing_mapping,Statement
Soaking,reframing_mapping,Apply_heat
Hearsay,reframing_mapping,Perception_experience
Desirability,reframing_mapping,Expertise
Desirability,reframing_mapping,Usefulness
Run_risk,reframing_mapping,Being_at_risk
Run_risk,reframing_mapping,Risky_situation
Request,reframing_mapping,Telling
Request,reframing_mapping,Questioning
Being_obligated,reframing_mapping,Required_event
Cause_impact,reframing_mapping,Make_noise
Killing,reframing_mapping,Death
Killing,reframing_mapping,Execution
Pardon,reframing_mapping,Clemency
Cotheme,reframing_mapping,Evading
Cotheme,reframing_mapping,Escaping
Departing,reframing_mapping,Setting_out
Path_shape,reframing_mapping,Departing
Path_shape,reframing_mapping,Avoiding
Path_shape,reframing_mapping,Traversing
Path_shape,reframing_mapping,Change_posture
Placing,reframing_mapping,Bringing
Placing,reframing_mapping,Dispersal
Placing,reframing_mapping,Cause_fluidic_motion
Placing,reframing_mapping,Arranging
Placing,reframing_mapping,Attaching
Placing,reframing_mapping,Planting
Removing,reframing_mapping,Kidnapping
Removing,reframing_mapping,Emptying
Removing,reframing_mapping,Excreting
Removing,reframing_mapping,Escaping
Come_into_effect,inchoative_of,Being_in_effect
Process_start,inchoative_of,Process_continue
frm_becoming_nonfunctional,inchoative_of,Being_operational
Getting,inchoative_of,Possession
Becoming_attached,inchoative_of,Being_attached
Coming_to_be,inchoative_of,Existence
Come_together,inchoative_of,Aggregate
Memorization,inchoative_of,Remembering_information
Separating,causative_of,Becoming_separated
Cause_bodily_experience,causative_of,Perception_body
Cause_harm,causative_of,Being_hurt
Limiting,causative_of,Limitation
Putting_out_fire,causative_of,Fire_going_out
Attaching,causative_of,Becoming_attached
Name_conferral,causative_of,Being_named
Gathering_up,causative_of,Come_together
Cause_to_wake,causative_of,Being_awake
Soaking,causative_of,Soaking_up
Grinding,causative_of,Ground_up
Cause_to_start,causative_of,Process_start
Cause_impact,causative_of,Impact
Cause_to_fragment,causative_of,Breaking_apart
Render_nonfunctional,causative_of,Being_operational
Thwarting,causative_of,Success_or_failure
Killing,causative_of,Death
Endangering,causative_of,Being_at_risk
Cause_change,causative_of,Undergo_change
Cause_to_continue,causative_of,Process_continue
Cause_to_continue,causative_of,State_continue
Filling,causative_of,Fullness
Replacing,causative_of,Take_place_of
Cause_to_end,causative_of,Process_end
Attempt,precedes,Success_or_failure
Arraignment,precedes,Trial
Taking_captive,precedes,Inhibit_movement
Notification_of_charges,precedes,Entering_of_plea
Process_start,precedes,Process_continue
Arrival,precedes,Tourism_scenario_stay
Preliminary_stage,precedes,Elimination_tournament
Arrival_at_destination,precedes,Arrival_at_lodge
Giving,precedes,Post_giving
Process_stop,precedes,Process_stopped_state
Process_stop,precedes,Process_uncompleted_state
Process_continue,precedes,Process_end
Process_continue,precedes,Process_stop
Process_continue,precedes,Process_pause
Activity_start,precedes,Activity_ongoing
Process_resume,precedes,Process_continue
Attempt_action_scenario,precedes,Result_of_attempt_scenario
Process_initial_state,precedes,Process_start
Event_initial_state,precedes,Event
Process_stopped_state,precedes,Process_resume
Activity_ongoing,precedes,Activity_pause
Activity_ongoing,precedes,Activity_finish
Activity_ongoing,precedes,Activity_stop
Activity_finish,precedes,Activity_done_state
Activity_stop,precedes,Activity_abandoned_state
Activity_stop,precedes,Activity_paused_state
Activity_pause,precedes,Activity_paused_state
Activity_ready_state,precedes,Activity_start
Activity_prepare,precedes,Activity_ready_state
Transfer,precedes,Post_transfer
Getting,precedes,Post_getting
Activity_paused_state,precedes,Activity_resume
Lose_possession,precedes,Post_lose_possession
Pre_lose_possession,precedes,Lose_possession
Process_end,precedes,Process_completed_state
Inhibit_movement,precedes,Releasing
Waking_up,precedes,Being_awake
Detaining,precedes,Releasing_from_custody
Coming_to_be,precedes,Existence
Achieving_first,precedes,Product_development
Receiving,precedes,Post_receiving
Departing,precedes,Arriving
Activity_resume,precedes,Activity_ongoing
Removing,precedes,Placing
Pre_receiving,precedes,Receiving
Causation,perspective_on,Means
Placing_scenario,perspective_on,Container_focused_placing
Placing_scenario,perspective_on,Placing
Deception_success,perspective_on,Intentional_deception
Deception_success,perspective_on,Fall_for
Temporary_transfer_scenario,perspective_on,Lending
Temporary_transfer_scenario,perspective_on,Borrowing
Conditional_scenario,perspective_on,Negative_conditional
Conditional_scenario,perspective_on,Conditional_occurrence
Preferred_alternative_scenario,perspective_on,Required_event
Preferred_alternative_scenario,perspective_on,Desirable_event
Distributed_abundanced,perspective_on,Abounding_with
Distributed_abundanced,perspective_on,Distributed_position
Alternativity,perspective_on,Alternatives
Instance,perspective_on,Typicality
Event_tourism,perspective_on,Hosting_event
Event_tourism,perspective_on,Attend_event
Attempt_action_scenario,perspective_on,Attempt
Attempt_action_scenario,perspective_on,Attempt_means
Containment_scenario,perspective_on,Containing
Containment_scenario,perspective_on,Being_contained_within
Identity_scenario,perspective_on,Identicality
Identity_scenario,perspective_on,Identity
Result_of_attempt_scenario,perspective_on,Success_or_failure
Result_of_attempt_scenario,perspective_on,Successful_action
Result_of_attempt_scenario,perspective_on,Thwarting
Result_of_attempt_scenario,perspective_on,Elusive_goal
Undergoing_scenario,perspective_on,Undergoing
Undergoing_scenario,perspective_on,Eventive_affecting
Distance_scenario,perspective_on,Measure_of_distance_and_length
Distance_scenario,perspective_on,Gradable_proximity
Distance_scenario,perspective_on,Non-gradable_proximity
Activity_prepare,perspective_on,Preliminaries
Transfer,perspective_on,Receiving
Transfer,perspective_on,Giving
Reciprocality,perspective_on,Asymmetric_reciprocality
Reciprocality,perspective_on,Symmetrical_collective_reciprocality
Objective_influence,perspective_on,Causation
Undergo_change,perspective_on,Undergo_transformation
Preventing_or_letting,translation,Deny_or_grant_permission
Pre_getting,inheritance,Pre_receiving
Post_getting,inheritance,Post_receiving
Self_motion,inheritance,Cotheme
Self_motion,inheritance,Intentional_traversing
Self_motion,inheritance,Travel
Self_motion,inheritance,Fleeing
Getting_scenario,inheritance,Receiving_scenario
Transfer_scenario,inheritance,Temporary_transfer_scenario
Referring_by_name,inheritance,Labeling
Transitive_action,inheritance,Cause_change_of_phase
Transitive_action,inheritance,Cause_change_of_position_on_a_scale
Transitive_action,inheritance,Cause_impact
Transitive_action,inheritance,Cause_motion
Transitive_action,inheritance,Cause_temperature_change
Transitive_action,inheritance,Cause_to_be_dry
Transitive_action,inheritance,Cause_to_be_sharp
Transitive_action,inheritance,Cause_to_be_wet
Transitive_action,inheritance,Cause_to_continue
Transitive_action,inheritance,Cause_to_end
Transitive_action,inheritance,Cause_to_fragment
Transitive_action,inheritance,Cause_to_make_noise
Transitive_action,inheritance,Cause_to_move_in_place
Transitive_action,inheritance,Cause_to_resume
Transitive_action,inheritance,Cause_to_wake
Transitive_action,inheritance,Destroying
Transitive_action,inheritance,Damaging
Transitive_action,inheritance,Rejuvenation
Transitive_action,inheritance,Cause_change_of_consistency
Transitive_action,inheritance,Corroding_caused
Transitive_action,inheritance,Setting_fire
Transitive_action,inheritance,Endangering
Transitive_action,inheritance,Cause_expansion
Transitive_action,inheritance,Render_nonfunctional
Transitive_action,inheritance,Cause_change_of_strength
Transitive_action,inheritance,Cause_change
Transitive_action,inheritance,Grinding
Transitive_action,inheritance,Cause_to_rot
Transitive_action,inheritance,Cause_to_be_included
Transitive_action,inheritance,Container_focused_removing
Transitive_action,inheritance,Removing
Transitive_action,inheritance,Placing
Transitive_action,inheritance,Container_focused_placing
Transitive_action,inheritance,Creating
Transitive_action,inheritance,Cause_bodily_experience
Transitive_action,inheritance,Downing
Transitive_action,inheritance,Erasing
Transitive_action,inheritance,Imposing_obligation
Transitive_action,inheritance,Intentionally_affect
Transitive_action,inheritance,Interrupt_process
Transitive_action,inheritance,Killing
Transitive_action,inheritance,Cure
Response,inheritance,Communication_response
Response,inheritance,Rewards_and_punishments
Traversing,inheritance,Intentional_traversing
Make_agreement_on_action,inheritance,Make_compromise
Delivery,inheritance,Product_delivery
Fields,inheritance,Medical_specialties
Organization,inheritance,Military
Organization,inheritance,Institutions
Be_in_agreement_on_action,inheritance,Having_commercial_agreement
Required_event,inheritance,Obligation_scenario
Success_or_failure,inheritance,Surviving
Success_or_failure,inheritance,Hit_or_miss
Success_or_failure,inheritance,Endeavor_failure
Seeking_to_achieve,inheritance,Seeking
Infrastructure,inheritance,Accommodation
Infrastructure,inheritance,Police
Infrastructure,inheritance,Transportation
Infrastructure,inheritance,Hospital
Infrastructure,inheritance,Sports_venues
Operating_a_system,inheritance,Operate_vehicle
Store,inheritance,Cache
Being_at_risk,inheritance,Precariousness
Waiting,inheritance,Standing_by
Duplication,inheritance,Forging
Information,inheritance,Body_decoration
Information,inheritance,Text
Information,inheritance,Information_display
State_of_entity,inheritance,Predicament
State_of_entity,inheritance,Being_in_operation
State_of_entity,inheritance,Chaos
State_of_entity,inheritance,Dead_or_alive
State_of_entity,inheritance,Dying
State_of_entity,inheritance,Medical_conditions
State_of_entity,inheritance,Symptoms
State_of_entity,inheritance,Thriving
State_of_entity,inheritance,Transportation_status
State_of_entity,inheritance,Being_awake
State_of_entity,inheritance,Being_attached
State_of_entity,inheritance,Being_contained_within
State_of_entity,inheritance,Be_on_alert
State_of_entity,inheritance,Being_in_captivity
State_of_entity,inheritance,Being_in_operation
State_of_entity,inheritance,Being_at_risk
State_of_entity,inheritance,Being_in_category
State_of_entity,inheritance,Being_in_effect
State_of_entity,inheritance,Being_hurt
State_of_entity,inheritance,Being_pregnant
State_of_entity,inheritance,Being_wet
State_of_entity,inheritance,Being_rotted
State_of_entity,inheritance,Being_dry
State_of_entity,inheritance,Being_detached
Abundance,inheritance,Scarcity
Institutions,inheritance,Judicial_body
Institutions,inheritance,Government_institution
Set_of_interrelated_entities,inheritance,System
Respond_to_proposal,inheritance,Agree_or_refuse_to_act
Passing_off,inheritance,Posing_as
Scrutinizing_for,inheritance,Inspecting
Scrutinizing_for,inheritance,Scouring
Measures,inheritance,Measure_area
Measures,inheritance,Measure_by_action
Measures,inheritance,Measure_duration
Measures,inheritance,Measure_of_distance_and_length
Measures,inheritance,Measure_mass
Measures,inheritance,Measure_volume
Measure_scenario,inheritance,Duration_scenario
Measure_scenario,inheritance,Distance_scenario
Undergoing,inheritance,Being_dry
Undergoing,inheritance,Experience_bodily_harm
Undergoing,inheritance,Becoming_separated
Undergoing,inheritance,Go_into_shape
Undergoing,inheritance,Catching_fire
Undergoing,inheritance,frm_becoming_nonfunctional
Undergoing,inheritance,Soaking_up
Execute_plan,inheritance,Enforcing
Process_uncompleted_state,inheritance,Activity_abandoned_state
Process_pause,inheritance,Activity_pause
Means,inheritance,Preliminaries
Control,inheritance,Being_in_control
Being_in_control,inheritance,Dominate_competitor
Eventive_affecting,inheritance,Transfer
Eventive_affecting,inheritance,Lose_possession
Eventive_affecting,inheritance,Causation
Eventive_affecting,inheritance,Historic_event
Eventive_affecting,inheritance,Aging
Eventive_affecting,inheritance,Response
Eventive_affecting,inheritance,Arriving
Eventive_affecting,inheritance,Departing
Eventive_affecting,inheritance,Eventive_cognizer_affecting
Eventive_affecting,inheritance,Destiny
Eventive_affecting,inheritance,Explosion
Be_subset_of,inheritance,Membership
Inclusion_scenario,inheritance,Set_relation
Inclusion_scenario,inheritance,Wholes_and_parts
Being_included,inheritance,Be_subset_of
Being_included,inheritance,Part_piece
Becoming_separated,inheritance,Fragmentation_scenario
Work,inheritance,Seeking_to_achieve
Change_position_on_a_scale,inheritance,Proliferating_in_number
Change_position_on_a_scale,inheritance,Change_of_temperature
Attempt_distant_interaction_scenario,inheritance,Shooting_scenario
Individual_history,inheritance,History
Manipulate_into_doing,inheritance,Talking_into
Hostile_encounter,inheritance,Fighting_activity
Appointing,inheritance,Change_of_leadership
Position_on_a_scale,inheritance,Used_up
Position_on_a_scale,inheritance,Sufficiency
Position_on_a_scale,inheritance,Evaluative_comparison
Position_on_a_scale,inheritance,Surpassing
Attempt_obtain_food_scenario,inheritance,Hunting_scenario
Attempt_obtain_food_scenario,inheritance,Agriculture
Cause_change_of_position_on_a_scale,inheritance,Cause_proliferation_in_number
Cycle_of_existence_scenario,inheritance,Cycle_of_life_and_death
Ceasing_to_be,inheritance,Death
History_scenario,inheritance,Socially_significant_history_scenario
Aggregate,inheritance,Store
Aggregate,inheritance,Organization
Aggregate,inheritance,Entourage
Aggregate,inheritance,Convoy
Aggregate,inheritance,Product_line
Aggregate,inheritance,Team
Aggregate,inheritance,Alliance
Possibility,inheritance,Capability
Manipulate_into_shape,inheritance,Rope_manipulation
Losing_track_of_theme,inheritance,Losing
Attempt_obtain_mineral_scenario,inheritance,Mining
Satisfying,inheritance,Compliance
Satisfying,inheritance,Meet_specifications
Meet_specifications,inheritance,Rising_to_a_challenge
Dimension,inheritance,Quantity
Inspecting,inheritance,Patrolling
Event,inheritance,Change_of_consistency
Event,inheritance,Rotting
Event,inheritance,Process_resume
Event,inheritance,Process_start
Event,inheritance,Process_stop
Event,inheritance,Misdeed
Event,inheritance,Process_end
Event,inheritance,Coming_to_believe
Event,inheritance,Getting
Event,inheritance,Eventive_affecting
Event,inheritance,Process_pause
Event,inheritance,Waking_up
Event,inheritance,Ceasing_to_be
Event,inheritance,Go_into_shape
Event,inheritance,Motion
Event,inheritance,Come_together
Event,inheritance,Birth_scenario
Event,inheritance,Coming_to_be
Event,inheritance,Change_position_on_a_scale
Event,inheritance,Coincidence
Event,inheritance,Traversing
Event,inheritance,Losing_someone
Event,inheritance,Intentionally_act
Event,inheritance,Objective_influence
Event,inheritance,Emergency
Event,inheritance,Experience_bodily_harm
Event,inheritance,Transition_to_a_state
Event,inheritance,Undergoing
State,inheritance,State_of_entity
State,inheritance,Existence
State,inheritance,Possession
Biological_entity,inheritance,Animals
Biological_entity,inheritance,Plants
Biological_entity,inheritance,Pathogen
Sex,inheritance,Procreative_sex
Dead_or_alive,inheritance,Subsisting
Athletes,inheritance,Athletes_by_sport
Athletes,inheritance,Athletes_by_position
Infractions,inheritance,Direct_fouls
Infractions,inheritance,Indirect_fouls
Referee_actions,inheritance,Sanctions
Finish_game,inheritance,Finish_competition
Employment_end,inheritance,Firing
Employment_end,inheritance,Quitting
Location_in_time,inheritance,Calendric_unit
Timespan,inheritance,Time_period_of_action
Improvised_explosive_device,inheritance,Victim_operated_IED
Improvised_explosive_device,inheritance,Distant_operated_IED
Attack,inheritance,Besieging
Attack,inheritance,Invading
Attack,inheritance,Suicide_attack
Attack,inheritance,Counterattack
Weapon,inheritance,Improvised_explosive_device
Experiencer_focused_emotion,inheritance,Mental_stimulus_exp_focus
Experiencer_focused_emotion,inheritance,Desiring
Emotions,inheritance,Emotions_by_stimulus
Emotions_by_stimulus,inheritance,Emotions_success_or_failure
Emotions_by_stimulus,inheritance,Emotions_of_mental_activity
Emotions_by_stimulus,inheritance,Others_situation_as_stimulus
Emotions_by_stimulus,inheritance,Annoyance
Emotions_by_stimulus,inheritance,Just_found_out
Emotions_by_stimulus,inheritance,Emotions_by_possibility
Emotions_by_possibility,inheritance,Fear
Relational_quantity,inheritance,Proportion
Relational_quantity,inheritance,Price_per_unit
Relational_quantity,inheritance,Rate_quantification
Arithmetic,inheritance,Arithmetic_commutative
Arithmetic,inheritance,Arithmetic_non-commutative
Arithmetic,inheritance,Mathematical_relationship
Moves,inheritance,Individual_moves
Moves,inheritance,Interactive_moves
Moves,inheritance,Winning_moves
Physical_entity,inheritance,Bounded_entity
Physical_entity,inheritance,Food
Physical_entity,inheritance,Body_mark
Physical_entity,inheritance,Substance
Physical_entity,inheritance,Intoxicants
Physical_entity,inheritance,Sidereal_appearance
Physical_entity,inheritance,Weapon
Physical_entity,inheritance,Connectors
Physical_entity,inheritance,Clothing
Physical_entity,inheritance,Ammunition
Physical_entity,inheritance,Fastener
Physical_entity,inheritance,Vehicle
Physical_entity,inheritance,Information_display
Physical_entity,inheritance,Furniture
Physical_entity,inheritance,Utensils
Physical_entity,inheritance,Musical_instruments
Physical_entity,inheritance,Assistive_Technology
Motion,inheritance,Mass_motion
Motion,inheritance,Motion_directional
Bounded_region,inheritance,Region_with_portal
Motion,inheritance,Self_motion
Motion,inheritance,Motion_noise
Motion,inheritance,Fluidic_motion
Sounds,inheritance,Vocalizations
Cause_motion,inheritance,Cause_fluidic_motion
Cause_motion,inheritance,Shoot_projectiles
Cause_motion,inheritance,Passing
Temperature,inheritance,Ambient_temperature
Cause_change_of_strength,inheritance,Change_resistance
Substance,inheritance,Active_substance
Substance,inheritance,Medicines
Substance,inheritance,Allergens
Substance,inheritance,Body_substances
Substance,inheritance,Toxic_substance
Judgment_communication,inheritance,Judgment_direct_address
Judgment_communication,inheritance,Bragging
Communication,inheritance,Communication_noise
Giving_scenario,subframe,Pre_giving
Giving_scenario,subframe,Giving
Giving_scenario,subframe,Post_giving
Getting_scenario,subframe,Pre_getting
Getting_scenario,subframe,Getting
Getting_scenario,subframe,Post_getting
Transfer_scenario,subframe,Pre_transfer
Transfer_scenario,subframe,Transfer
Transfer_scenario,subframe,Post_transfer
Traversing,subframe,Departing
Traversing,subframe,Arriving
Attempt_distant_interaction_scenario,subframe,Aiming
Attempt_distant_interaction_scenario,subframe,Hit_or_miss
Individual_history,subframe,Historic_event
Hunting_scenario,subframe,Hunting_success_or_failure
Hunting_scenario,subframe,Hunting
Agriculture,subframe,Planting
Agriculture,subframe,Food_gathering
Invasion_scenario,subframe,Conquering
Invasion_scenario,subframe,Invading
Invasion_scenario,subframe,Repel
Cycle_of_existence_scenario,subframe,Coming_to_be
Cycle_of_existence_scenario,subframe,Existence
Cycle_of_existence_scenario,subframe,Ceasing_to_be
Cycle_of_existence_scenario,subframe,Out_of_existence
Sexual_reproduction_scenario,subframe,Birth_scenario
Sexual_reproduction_scenario,subframe,Procreative_sex
Sleep_wake_cycle,subframe,Fall_asleep
Sleep_wake_cycle,subframe,Waking_up
Sleep_wake_cycle,subframe,Sleep
Sleep_wake_cycle,subframe,Getting_up
Sleep_wake_cycle,subframe,Being_awake
Cycle_of_life_and_death,subframe,Dead_or_alive
Cycle_of_life_and_death,subframe,Death
Cycle_of_life_and_death,subframe,Being_born
Operate_vehicle_scenario,subframe,Operate_vehicle
Operate_vehicle_scenario,subframe,Cause_to_land
Operate_vehicle_scenario,subframe,Getting_vehicle_underway
Delegation,subframe,Coaching_staff
Delegation,subframe,Athletes
Sports_event,subframe,Moves
Sports_event,subframe,Infractions
Sports_event,subframe,Sports
Sports_event,subframe,Finals
Sports_event,subframe,Ceremonies
Sports_venues,subframe,Sports_venues_subparts
Sports,subframe,Sports_disciplines
Sports_scenario,subframe,Competition
Sports_scenario,subframe,Sports_event
Sports_scenario,subframe,Infrastructure
Employment_scenario,subframe,Employment_start
Employment_scenario,subframe,Employment_continue
Employment_scenario,subframe,Employment_end
Employee_scenario,subframe,Get_a_job
Employee_scenario,subframe,Being_employed
Employee_scenario,subframe,Quitting
Employer_scenario,subframe,Hiring
Employer_scenario,subframe,Employing
Employer_scenario,subframe,Firing
Motion,subframe,Getting_underway
Motion,subframe,Halt
Cause_motion,subframe,Placing
Cause_motion,subframe,Removing
Change_of_phase_scenario,subframe,Change_of_phase
Change_of_phase_scenario,subframe,Substance_by_phase
Transfer_scenario,using,Exchange
Referring_by_name,using,Attention_getting
Response,using,Deserving
Response,using,Health_response
Response,using,Counterattack
Forgoing,using,Holding_off_on
Taking_sides,using,Giving_in
Taking_sides,using,Partiality
Taking_sides,using,Hostile_encounter
Give_impression,using,Want_suspect
Give_impression,using,Chemical-sense_description
Make_agreement_on_action,using,Be_in_agreement_on_action
Fields,using,Craft
Organization,using,Alliance
Needing,using,Reliance
Rank,using,Occupy_rank
Rank,using,Appellations
Required_event,using,Desirable_event
Required_event,using,Deserving
Desirable_event,using,Taking_sides
Success_or_failure,using,Finish_competition
Success_or_failure,using,Accuracy
Prominence,using,First_rank
Infrastructure,using,Institutions
Change_of_leadership,using,Reject_leadership
Have_as_requirement,using,Needing
Obligation_scenario,using,Compliance
Obligation_scenario,using,Being_in_effect
Obligation_scenario,using,Documents
Operating_a_system,using,Operational_testing
Be_in_agreement_on_assessment,using,Quarreling
Be_in_agreement_on_assessment,using,Point_of_dispute
Being_in_effect,using,Enforcing
Correctness,using,Verification
Estimating,using,Estimated_value
Storing,using,Store
Storing,using,Carry_goods
Information,using,Awareness
Information,using,Communication
Information,using,Correctness
Abundance,using,Abounding_with
Institutions,using,Public_services
Set_of_interrelated_entities,using,Network
Preference,using,Sacrificing_for
Protecting,using,Armor
Translating,using,Have_as_translation_equivalent
Translating,using,Be_translation_equivalent
Artificiality,using,Forging
Posing_as,using,Front_for
Risk_scenario,using,Rescuing
Attempt_suasion,using,Suasion
Means,using,Purpose
Destiny,using,Luck
Eventive_affecting,using,Social_event
Eventive_affecting,using,Memory
Eventive_affecting,using,Coming_up_with
Eventive_affecting,using,Activity_stop
Eventive_affecting,using,Activity_start
Eventive_affecting,using,Activity_prepare
Eventive_affecting,using,Activity_pause
Eventive_affecting,using,Undergoing
Eventive_affecting,using,Catastrophe
Eventive_affecting,using,Individual_history
Fame,using,Obscurity
Diversity,using,Delimitation_of_diversity
Change_position_on_a_scale,using,Remainder
Change_position_on_a_scale,using,Change_of_quantity_of_possession
Hit_or_miss,using,Hit_target
Hostile_encounter,using,Member_of_military
Hostile_encounter,using,Friendly_or_hostile
Hostile_encounter,using,Irregular_combatants
Hostile_encounter,using,Firefighting
Alternatives,using,Time_period_of_action
Alternatives,using,Opportunity
Position_on_a_scale,using,Delimitation_of_diversity
Position_on_a_scale,using,Probability
Win_prize,using,Beat_opponent
Gizmo,using,Being_in_operation
Event,using,Participation
Event,using,Hindering
Event,using,Frequency
Event,using,Temporal_pattern
Event,using,Manner
Event,using,Preventing_or_letting
State,using,State_continue
Infecting,using,Pathogen
Biological_entity,using,Dead_or_alive
Biological_entity,using,Gusto
Biological_entity,using,Biological_classification
Birth_scenario,using,Medical_interaction_scenario
Sex,using,Rape
Dead_or_alive,using,Resurrection
Vehicle_landing,using,Cause_to_land
Transportation,using,Arrival
Transportation,using,Tourism_scenario_departure
Transportation,using,Means_of_transportation
Vehicle,using,Vehicle_subpart
Vehicle,using,Convoy
Ride_vehicle,using,Board_vehicle
Ride_vehicle,using,Disembarking
Operate_vehicle,using,Piracy
Getting_vehicle_underway,using,Vehicle_departure_initial_stage
Crowd,using,Crowd_reactions
Referees,using,Referee_actions
Referees,using,Sports_equipment
Athletes,using,Infractions
Athletes,using,Moves
Athletes,using,Sports
Athletes,using,Sports_equipment
Athletes,using,Sports_venues
Athletes_by_position,using,Sports_venues
Sports_event,using,Sports_temporal_subdivision
Sports_event,using,Sports_venues
Sports_event,using,Athletes
Sports_event,using,Sports_equipment
Athletes_by_sport,using,Sports_venues
Sports,using,Moves
Sports,using,Competition
Finish_competition,using,Win_prize
Employment_scenario,using,Fields
Member_of_military,using,People_by_military_specialty
Military,using,Member_of_military
Scheduling,using,Change_event_time
Calendric_unit,using,Change_event_time
Change_event_time,using,Holding_off_on
Change_event_time,using,Waiting
Age,using,Aging
Duration_description,using,Taking_time
Frequency,using,Custom
Distant_operated_IED,using,Firing_point
Shoot_projectiles,using,Hit_target
Use_firearm,using,Shoot_projectiles
Attack,using,Defending
Weapon,using,Bearing_arms
Weapon,using,Cause_harm
Bearing_arms,using,Shooting_scenario
Shooting_scenario,using,Hit_target
Experiencer_focused_emotion,using,Desirability
Experiencer_focused_emotion,using,Tolerating
Emotions,using,Emotion_directed
Emotions,using,Emotion_heat
Emotions,using,Stimulate_emotion
Emotions,using,Desiring
Emotions,using,Contrition
Emotions,using,Forgiveness
Emotions,using,Feeling
Emotions,using,Predicament
Emotions,using,Judgment
Emotions,using,Attitude_description
Emotions,using,Worry
Cardinal_numbers,using,Ordinal_numbers
Linguistic_meaning,using,Word_relations
Simple_name,using,Simple_naming
Simple_name,using,Linguistic_meaning
Thermodynamic_phase,using,Substance_by_phase
Level_of_force_resistance,using,Repel
Apply_heat,using,Cooking_creation
Motion_scenario,using,Operate_vehicle_scenario
Motion,using,Operate_vehicle
Motion,using,Body_movement
Motion,using,Bringing
Motion,using,Cotheme
Motion,using,Departing
Motion,using,Evading
Motion,using,Excreting
Motion,using,Removing
Motion,using,Placing
Motion,using,Emanating
Motion,using,Light_movement
Motion,using,Redirecting
Motion,using,Path_traveled
Motion,using,Change_direction
Motion,using,Roadways
Being_wet,using,Being_rotted
Fluidic_motion,using,Breathing
Expansion,using,Dough_rising
Sounds,using,Sound_movement
Cause_motion,using,Bringing
Cause_motion,using,Gathering_up
Cause_motion,using,Ingestion
Cause_motion,using,Excreting
Noise_makers,using,Musical_instruments
Temperature,using,Heat_potential
Make_noise,using,Communication_noise
Cause_change_of_strength,using,Supporting
Color,using,Description_of_symptom_or_health_condition
Judgment_communication,using,Labeling
Communication,using,Reasoning
Communication,using,Contacting
Communication,using,Encoding
Communication,using,Volubility
Communication,using,Text_creation
Communication,using,Attempt_suasion
Communication,using,Candidness
Communication,using,Bail_decision
Communication,using,Claim_ownership
Communication,using,Commitment
Communication,using,Communication_means
Communication,using,Discussion
Communication,using,Entering_of_plea
Communication,using,Justifying
Communication,using,Name_conferral
Communication,using,Notification_of_charges
Communication,using,Prevarication
Communication,using,Hearsay
Communication,using,Questioning
Communication,using,Reporting
Communication,using,Request
Communication,using,Sentencing
Communication,using,Speak_on_topic
Communication,using,Verdict
Elusive_goal,see_also,Evading
Required_event,see_also,Being_obligated
Change_of_leadership,see_also,Reject_leadership
Operating_a_system,see_also,Using
Being_in_effect,see_also,Execute_plan
Ranked_expectation,see_also,Completeness
Waiting,see_also,Holding_off_on
Distributed_position,see_also,Abounding_with
Distributed_position,see_also,Filling
Possibility,see_also,Capability
Location_of_light,see_also,Light_movement
Relative_time,see_also,Time_vector
Hedging,see_also,Proportional_quantity
Hedging,see_also,Degree
Have_as_translation_equivalent,see_also,Be_translation_equivalent
Level_of_force_exertion,see_also,Dynamism
Level_of_force_exertion,see_also,Level_of_force_resistance
Apply_heat,see_also,Cooking_creation
Motion,see_also,Bringing
Motion,see_also,Operate_vehicle
Motion,see_also,Self_motion
Motion,see_also,Ride_vehicle
Success_or_failure,see_also,Personal_success
Successful_action,see_also,Personal_success
Cause_motion,see_also,Bringing
Cause_motion,see_also,Filling
Cause_motion,see_also,Placing
Cause_motion,see_also,Removing
Cause_motion,see_also,Emptying
Make_noise,see_also,Friction
Make_noise,see_also,Cause_impact
Make_noise,see_also,Impact
Make_noise,see_also,Sounds
Make_noise,see_also,Cause_to_make_noise
Make_noise,see_also,Motion_noise
Make_noise,see_also,Sound_movement
Self_motion,reframing_mapping,Ride_vehicle
Self_motion,reframing_mapping,Body_movement
Self_motion,reframing_mapping,Escaping
Self_motion,reframing_mapping,Fleeing
Elusive_goal,reframing_mapping,Evading
Traversing,reframing_mapping,Forming_relationships
Traversing,reframing_mapping,Path_shape
Traversing,reframing_mapping,Change_position_on_a_scale
Traversing,reframing_mapping,Activity_start
Traversing,reframing_mapping,Moving_in_place
Traversing,reframing_mapping,Arriving
Traversing,reframing_mapping,Motion_directional
Traversing,reframing_mapping,Undergo_change
Traversing,reframing_mapping,Departing
Traversing,reframing_mapping,Intentional_traversing
Traversing,reframing_mapping,Change_direction
Traversing,reframing_mapping,Motion
Traversing,reframing_mapping,Self_motion
Required_event,reframing_mapping,Desirable_event
Change_of_leadership,reframing_mapping,Appointing
Change_of_leadership,reframing_mapping,Reject_leadership
Resolve_problem,reframing_mapping,Speak_on_topic
Frugality,reframing_mapping,Stinginess
Feigning,reframing_mapping,Artificiality
Feigning,reframing_mapping,Forging
Feigning,reframing_mapping,Posing_as
Control,reframing_mapping,Being_in_control
Position_on_a_scale,reframing_mapping,Delimitation_of_diversity
Location_of_light,reframing_mapping,Light_movement
Dimension,reframing_mapping,Measurable_attributes
Inspecting,reframing_mapping,Scrutiny
Giving_birth,reframing_mapping,Being_born
Death,reframing_mapping,Offenses
Death,reframing_mapping,Cause_harm
Operate_vehicle,reframing_mapping,Ride_vehicle
Operate_vehicle,reframing_mapping,Bringing
Operate_vehicle,reframing_mapping,Self_motion
Being_employed,reframing_mapping,People_by_vocation
Change_event_time,reframing_mapping,Scheduling
Relative_time,reframing_mapping,Change_event_time
Relative_time,reframing_mapping,Temporal_collocation
Attack,reframing_mapping,Invading
Emotion_directed,reframing_mapping,Experiencer_focused_emotion
Emotion_directed,reframing_mapping,Worry
Stimulate_emotion,reframing_mapping,Emotion_directed
Experiencer_focused_emotion,reframing_mapping,Emotion_directed
Experiencer_focused_emotion,reframing_mapping,Feeling
Experiencer_focused_emotion,reframing_mapping,Desiring
Experiencer_focused_emotion,reframing_mapping,Fear
Adding_up,reframing_mapping,Amounting_to
Level_of_force_exertion,reframing_mapping,Capability
Cause_to_move_in_place,reframing_mapping,Moving_in_place
Cause_temperature_change,reframing_mapping,Change_of_temperature
Sounds,reframing_mapping,Vocalizations
Cause_motion,reframing_mapping,Bringing
Make_noise,reframing_mapping,Cause_to_make_noise
Make_noise,reframing_mapping,Motion_noise
Make_noise,reframing_mapping,Fluidic_motion
Make_noise,reframing_mapping,Friction
Make_noise,reframing_mapping,Sounds
Make_noise,reframing_mapping,Impact
Make_noise,reframing_mapping,Absorb_heat
Cause_expansion,reframing_mapping,Expansion
Cause_expansion,reframing_mapping,Cause_change_of_position_on_a_scale
Cause_to_amalgamate,reframing_mapping,Amalgamation
Judgment_communication,reframing_mapping,Judgment_direct_address
Judgment_communication,reframing_mapping,Judgment
Becoming_detached,inchoative_of,Being_detached
Rising_to_a_challenge,inchoative_of,Being_up_to_it
Becoming_a_member,inchoative_of,Membership
Change_position_on_a_scale,inchoative_of,Position_on_a_scale
Go_into_shape,inchoative_of,Shapes
Rotting,inchoative_of,Being_rotted
Death,inchoative_of,Dead_or_alive
Cause_change_of_phase,inchoative_of,Substance_by_phase
Change_of_temperature,inchoative_of,Temperature
Becoming_dry,inchoative_of,Being_dry
Cause_to_resume,causative_of,Process_resume
Detaching,causative_of,Becoming_detached
Change_of_leadership,causative_of,Leadership
Imposing_obligation,causative_of,Being_obligated
Hiding_objects,causative_of,Eclipse
Change_operational_state,causative_of,Being_in_operation
Interrupt_process,causative_of,Process_pause
Cause_proliferation_in_number,causative_of,Proliferating_in_number
Cause_change_of_position_on_a_scale,causative_of,Change_position_on_a_scale
Expend_resource,causative_of,Used_up
Cause_to_be_included,causative_of,Being_included
Cause_to_rot,causative_of,Rotting
Infractions,causative_of,Sanctions
Scheduling,causative_of,Timetable
Cause_emotion,causative_of,Experiencer_focused_emotion
Apply_heat,causative_of,Absorb_heat
Cause_to_move_in_place,causative_of,Moving_in_place
Cause_to_be_wet,causative_of,Being_wet
Cause_temperature_change,causative_of,Change_of_temperature
Cause_change_of_phase,causative_of,Change_of_phase
Cause_to_be_dry,causative_of,Being_dry
Corroding_caused,causative_of,Corroding
Emitting,causative_of,Emanating
Cause_change_of_consistency,causative_of,Change_of_consistency
Cause_to_make_noise,causative_of,Make_noise
Cause_fluidic_motion,causative_of,Fluidic_motion
Cause_motion,causative_of,Motion
Cause_expansion,causative_of,Expansion
Cause_to_amalgamate,causative_of,Amalgamation
Pre_getting,precedes,Getting
Pre_giving,precedes,Giving
Pre_transfer,precedes,Transfer
Process_pause,precedes,Process_stopped_state
Aiming,precedes,Hit_or_miss
Invading,precedes,Conquering
Invading,precedes,Repel
Confronting_problem,precedes,Resolve_problem
Ceasing_to_be,precedes,Out_of_existence
Assemble,precedes,Meet_with
Sleep,precedes,Waking_up
Giving_birth,precedes,Death
Giving_birth,precedes,Dying
Fall_asleep,precedes,Sleep
Being_born,precedes,Dying
Being_born,precedes,Death
Dying,precedes,Death
Elimination_tournament,precedes,Finals
Finals,precedes,Ceremonies
Being_employed,precedes,Quitting
Hiring,precedes,Employing
Employing,precedes,Firing
Get_a_job,precedes,Being_employed
Employment_start,precedes,Employment_continue
Employment_continue,precedes,Employment_end
Change_of_phase,precedes,Substance_by_phase
Pre_transfer,perspective_on,Pre_giving
Pre_transfer,perspective_on,Pre_receiving
Post_transfer,perspective_on,Post_receiving
Post_transfer,perspective_on,Post_giving
Transfer_scenario,perspective_on,Receiving_scenario
Transfer_scenario,perspective_on,Giving_scenario
Requirement_scenario,perspective_on,Have_as_requirement
Requirement_scenario,perspective_on,Being_necessary
Obligation_scenario,perspective_on,Being_obligated
Obligation_scenario,perspective_on,Being_obligatory
Searching_scenario,perspective_on,Scrutinizing_for
Searching_scenario,perspective_on,Seeking
Measure_scenario,perspective_on,Measurable_attributes
Measure_scenario,perspective_on,Measures
Measure_scenario,perspective_on,Dimension
Measure_scenario,perspective_on,Quantified_mass
Knot_creation_scenario,perspective_on,Knot_creation
Knot_creation_scenario,perspective_on,Rope_manipulation
Risk_scenario,perspective_on,Risky_situation
Risk_scenario,perspective_on,Being_at_risk
Risk_scenario,perspective_on,Run_risk
Domination,perspective_on,Dominate_competitor
Domination,perspective_on,Dominate_situation
Removing_scenario,perspective_on,Container_focused_removing
Removing_scenario,perspective_on,Removing
Inclusion_scenario,perspective_on,Inclusion
Inclusion_scenario,perspective_on,Being_included
Set_relation,perspective_on,Be_subset_of
Wholes_and_parts,perspective_on,Part_piece
Fragmentation_scenario,perspective_on,Breaking_off
Fragmentation_scenario,perspective_on,Breaking_apart
Simultaneity,perspective_on,Temporal_collocation
Simultaneity,perspective_on,Location_in_time
Hostile_encounter,perspective_on,Attack
Agriculture,perspective_on,Growing_food
Socially_significant_history_scenario,perspective_on,History
History_scenario,perspective_on,Individual_history
Delimited_state_scenario,perspective_on,Process_continue
Delimited_state_scenario,perspective_on,Duration_scenario
Delimited_state_scenario,perspective_on,Timespan
Representing,perspective_on,Information
Representing,perspective_on,Languages
Losing_track_of,perspective_on,Losing_track_of_theme
Losing_track_of,perspective_on,Losing_track_of_perceiver
Response_scenario,perspective_on,Response
Response_scenario,perspective_on,Meet_with_response
Exemplar,perspective_on,Exemplariness
Birth_scenario,perspective_on,Being_born
Birth_scenario,perspective_on,Giving_birth
Use_vehicle,perspective_on,Ride_vehicle
Use_vehicle,perspective_on,Operate_vehicle
Finish_competition,perspective_on,Win_prize
Employment_scenario,perspective_on,Employee_scenario
Employment_scenario,perspective_on,Employer_scenario
Employment_start,perspective_on,Hiring
Employment_start,perspective_on,Get_a_job
Employment_continue,perspective_on,Being_employed
Employment_continue,perspective_on,Employing
Duration_scenario,perspective_on,Duration_relation
Duration_scenario,perspective_on,Measure_duration
Duration_scenario,perspective_on,Duration_description
Shooting_scenario,perspective_on,Shoot_projectiles
Shooting_scenario,perspective_on,Use_firearm
Emotions,perspective_on,Experiencer_focused_emotion
Emotions,perspective_on,Stimulus_focus
Emotions_of_mental_activity,perspective_on,Mental_stimulus_exp_focus
Emotions_of_mental_activity,perspective_on,Mental_stimulus_stimulus_focus
Arithmetic_non-commutative,perspective_on,Non-commutative_process
Arithmetic_non-commutative,perspective_on,Non-commutative_statement
Arithmetic_commutative,perspective_on,Commutative_process
Arithmetic_commutative,perspective_on,Commutative_statement
Motion_scenario,perspective_on,Motion
Motion_scenario,perspective_on,Source_of_getting
Motion_scenario,perspective_on,Traversing
Motion_scenario,perspective_on,Source_path_goal
Infecting,metaphorical_projection,Committing_crime
Infecting,metaphorical_projection,Committing_crime
Infecting,metaphorical_projection,Violence
Communication,inheritance,Reassuring
Communication,inheritance,Gesture
Communication,inheritance,Communication_manner
Communication,inheritance,Communication_response
Communication,inheritance,Summarizing
Text_creation,inheritance,Sign_agreement
Text,inheritance,Documents
Text,inheritance,Records
Discussion,inheritance,Quarreling
Statement,inheritance,Reveal_secret
Statement,inheritance,Complaining
Statement,inheritance,Recording
Statement,inheritance,Telling
Statement,inheritance,Predicting
Statement,inheritance,Reading_aloud
Statement,inheritance,Affirm_or_deny
Telling,inheritance,Warning
Telling,inheritance,Suasion
Communicate_categorization,inheritance,Adducing
Chatting,inheritance,Discussion
Mention,inheritance,Indicating
Medical_conditions,inheritance,Epidemic
Medical_conditions,inheritance,Intoxication
Medical_conditions,inheritance,Addiction
Cause_health_condition,inheritance,Infecting
Perception,inheritance,Perception_active
Perception,inheritance,Give_impression
Perception,inheritance,Perception_experience
Perception,inheritance,Becoming_aware
Perception,inheritance,Sensation
Social_behavior_evaluation,inheritance,Compliance
Social_behavior_evaluation,inheritance,Mental_property
Social_behavior_evaluation,inheritance,Morality_evaluation
Social_behavior_evaluation,inheritance,Social_interaction_evaluation
Social_behavior_evaluation,inheritance,Disgraceful_situation
Social_behavior_evaluation,inheritance,Rashness
Social_behavior_evaluation,inheritance,Praiseworthiness
Social_behavior_evaluation,inheritance,Expertise
Social_behavior_evaluation,inheritance,Frugality
Social_behavior_evaluation,inheritance,Trendiness
Social_behavior_evaluation,inheritance,Attitude_description
Relation_between_individuals,inheritance,Social_connection
Relation_between_individuals,inheritance,Guest_and_host
Mental_activity,inheritance,Awareness
Visitor_scenario,inheritance,Visit_host
Visitor_arrival,inheritance,Drop_in_on
Visiting_scenario,inheritance,Visitor_and_host
Visiting_scenario_arrival,inheritance,Visitor_arrival
Visiting_scenario_arrival,inheritance,Visit_host_arrival
Visiting_scenario_departing,inheritance,Visitor_departure
Visiting_scenario_departing,inheritance,Visit_host_departure
Visiting_scenario_stay,inheritance,Visiting
Visiting_scenario_stay,inheritance,Visit_host_stay
Image_schema,inheritance,Bounded_region
Certainty,inheritance,Trust
Awareness,inheritance,Grasp
Awareness,inheritance,Expectation
Cogitation,inheritance,Assessing
Cogitation,inheritance,Memorization
Cogitation,inheritance,Worry
Cogitation,inheritance,Adding_up
Cogitation,inheritance,Adopt_selection
Cogitation,inheritance,Scheduling
Coming_to_believe,inheritance,See_through
Stimulus_focus,inheritance,Ineffability
Conduct,inheritance,Treating_and_mistreating
Existence,inheritance,Circumscribed_existence
Cognitive_connection,inheritance,Relating_concepts
Cognitive_connection,inheritance,Being_relevant
Capability,inheritance,Being_up_to_it
Capability,inheritance,Being_operational
Capability,inheritance,Capacity
Capability,inheritance,Gusto
Perception_active,inheritance,Touring
Perception_experience,inheritance,Punctual_perception
Eventive_cognizer_affecting,inheritance,Suasion
Cause_to_perceive,inheritance,Communication
Commerce_buy,inheritance,Renting
Commerce_sell,inheritance,Renting_out
Commerce_collect,inheritance,Earnings_and_losses
Businesses,inheritance,Accommodation
Businesses,inheritance,Dining
Being_in_captivity,inheritance,Being_incarcerated
Offenses,inheritance,Arson
Committing_crime,inheritance,Theft
Committing_crime,inheritance,Kidnapping
Committing_crime,inheritance,Smuggling
Committing_crime,inheritance,Piracy
Committing_crime,inheritance,Abusing
Committing_crime,inheritance,Robbery
Committing_crime,inheritance,Trafficking
Committing_crime,inheritance,Rape
Committing_crime,inheritance,Threatening
Clemency,inheritance,Pardon
Legal_rulings,inheritance,Verdict
Fire_burning,inheritance,Emergency_fire
Setting_fire,inheritance,Setting_back_burn
Social_event,inheritance,Social_event_collective
Social_event,inheritance,Social_event_individuals
Social_interaction_evaluation,inheritance,Partiality
Social_interaction_evaluation,inheritance,Strictness
Social_interaction_evaluation,inheritance,Hospitality
Social_interaction_evaluation,inheritance,Stinginess
Ingest_substance,inheritance,Ingestion
Visiting,inheritance,Temporary_stay
Tourism_scenario_stay,inheritance,Temporary_stay
Tourism_scenario,inheritance,Touring
Touristic_service,inheritance,Accommodation
Touristic_service,inheritance,Dining
Touristic_service,inheritance,Entertainment
Tourist_activities,inheritance,Go_dancing
Tourist_activities,inheritance,Go_shopping
Tourist_activities,inheritance,Ingestion
Personal_success,inheritance,Fame
People_by_vocation,inheritance,Member_of_military
People_by_vocation,inheritance,Representative
People_by_vocation,inheritance,Referees
People_by_vocation,inheritance,Athletes
People_by_vocation,inheritance,Delegation
People_by_vocation,inheritance,Medical_professionals
Image_schema,inheritance,Proximity_image_schema
Image_schema,inheritance,Collocation_image_schema
Image_schema,inheritance,Alignment_image_schema
Image_schema,inheritance,Contact_image_schema
Organization_of_conversation,subframe,Turn passing
Organization_of_conversation,subframe,Turn passing
Organization_of_conversation,subframe,Turn_keeping
Organization_of_conversation,subframe,Turn_taking
Organization_of_conversation,subframe,Turn_confirmation
Medical_interaction_scenario,subframe,Healthcare_service
Medical_interaction_scenario,subframe,Take_a_medical_exam
Medical_interaction_scenario,subframe,Symptoms
Medical_interaction_scenario,subframe,Recovery
Medical_interaction_scenario,subframe,Medical_intervention
Medical_interaction_scenario,subframe,Medical_conditions
Medical_conditions,subframe,Healthcare_service
Criminal_process,subframe,Sentencing
Criminal_process,subframe,Arraignment
Criminal_process,subframe,Trial
Criminal_process,subframe,Arrest
Crime_scenario,subframe,Criminal_process
Crime_scenario,subframe,Criminal_investigation
Crime_scenario,subframe,Committing_crime
Visitor_scenario,subframe,Visitor_arrival
Visitor_scenario,subframe,Visiting
Visitor_scenario,subframe,Visitor_departure
Visit_host,subframe,Drop_in_on
Visiting_scenario,subframe,Visiting_scenario_arrival
Visiting_scenario,subframe,Visiting_scenario_departing
Visiting_scenario,subframe,Visiting_scenario_stay
Visitor_and_host,subframe,Visit_host_arrival
Visitor_and_host,subframe,Visit_host_stay
Visitor_and_host,subframe,Visit_host_departure
Receive_visitor_scenario,subframe,Have_visitor_over
Product_development_scenario,subframe,Product_development
Product_development_scenario,subframe,Achieving_first
Product_development_scenario,subframe,Manufacturing
Fire_stopping_scenario,subframe,Putting_out_fire
Fire_end_scenario,subframe,Fire_going_out
Fire_emergency_scenario,subframe,Firefighting
Fire_emergency_scenario,subframe,Emergency_fire
Commercial_transaction,subframe,Commerce_money-transfer
Commercial_transaction,subframe,Commerce_goods-transfer
Commerce_scenario,subframe,Commercial_transaction
Commerce_scenario,subframe,Having_commercial_agreement
Violence,subframe,Risk_scenario
Violence,subframe,Committing_crime
Trial,subframe,Verdict
Trial,subframe,Jury_deliberation
Trial,subframe,Court_examination
Tourist_service_transaction,subframe,Pay_collect_touristic_services
Tourist_service_transaction,subframe,Hire_provide_touristic_services
Tourism_scenario_stay,subframe,Event_tourism
Tourism_scenario_stay,subframe,Attraction_tourism
Tourism_scenario_stay,subframe,Tourist_activities
Tourism_scenario_stay,subframe,Temporary_stay
Tourism_scenario_stay,subframe,Go_places
Tourism_scenario_stay,subframe,Emergency
Tourism_scenario_departure,subframe,Tourist_departure_locality
Tourism_scenario_departure,subframe,Tourist_departure_lodging
Tourism_scenario_preparation,subframe,Exchange_currency
Tourism_scenario_preparation,subframe,Tourist_service_buy
Tourism_scenario_preparation,subframe,Planning_by_tourist
Tourism_scenario_preparation,subframe,Tourist_service_reserve
Tourism_scenario_preparation,subframe,Get_document
Tourism_scenario,subframe,Arrival
Tourism_scenario,subframe,Tourism_scenario_stay
Tourism_scenario,subframe,Tourism_scenario_departure
Tourism_scenario,subframe,Tourism_scenario_preparation
Tourism_scenario,subframe,Infrastructure
Communication,using,Convey_importance
Communication,using,Successfully_communicate_message
Communication,using,Expressing_publicly
Communication,using,Legal_rulings
Communication,using,Concessive
Communication,using,Statement
Text_creation,using,Spelling_and_pronouncing
Text_creation,using,Text
Prevarication,using,Front_for
Text,using,Law
Text,using,Topic
Text,using,Medium
Text,using,Reference_text
Discussion,using,Point_of_dispute
Discussion,using,Jury_deliberation
Discussion,using,Meet_with
Communication_response,using,Respond_to_proposal
Statement,using,Judgment_communication
Statement,using,Renunciation
Statement,using,Attributed_information
Statement,using,Adducing
Statement,using,Unattributed_information
Statement,using,Chatting
Adducing,using,Reference_text
Suasion,using,Talking_into
Communicative_context,using,Organization_of_conversation
Medical_interaction_scenario,using,Medical_specialties
Medical_interaction_scenario,using,Medical_professionals
Medical_interaction_scenario,using,People_by_health_condition
Medical_intervention,using,Medicines
Medical_intervention,using,Materials_used_in_healthcare
Medical_conditions,using,Recovery
Medical_conditions,using,Cure
Medical_conditions,using,People_by_health_condition
Medical_conditions,using,Condition_symptom_relation
Medical_professionals,using,Healthcare_service
Intoxicants,using,Intoxication
Cure,using,Medical_interaction_scenario
Cure,using,Institutionalization
Health_response,using,Allergens
Symptoms,using,Description_of_symptom_or_health_condition
Symptoms,using,People_by_health_condition
Symptoms,using,Condition_symptom_relation
Symptoms,using,Medical_conditions
Description_of_symptom_or_health_condition,using,Color
People_by_health_condition,using,Healthcare_service
Cause_health_condition,using,People_by_health_condition
Cause_health_condition,using,Intoxicants
Cause_health_condition,using,Allergens
Vital_signs,using,People_by_health_condition
Becoming_a_patient,using,People_by_health_condition
Take_a_medical_exam,using,Health_exam
Body_parts,using,Hair_configuration
Body_parts,using,Wearing
Body_parts,using,Body_movement
Body_parts,using,Manipulation
Body_parts,using,Body_description_part
Body_parts,using,Body_decoration
Body_parts,using,Body_mark
Body_parts,using,Body_substances
Body_parts,using,Description_oriented_by_body_part
Body_parts,using,Medical_conditions
Body_parts,using,Assistive_Technology
Perception,using,Make_noise
Perception,using,Location_of_light
Perception,using,Sounds
Criminal_process,using,Appeal
Commerce_goods-transfer,using,Product_delivery
Social_behavior_evaluation,using,Sociability
Social_behavior_evaluation,using,Volubility
Social_behavior_evaluation,using,Conduct
Source_path_goal,using,Goal
Mental_activity,using,Coming_to_believe
Mental_activity,using,Purpose
Mental_activity,using,Categorization
Mental_activity,using,Differentiation
Mental_activity,using,Cogitation
Mental_activity,using,Estimating
Mental_activity,using,Translating
Awareness_situation,using,Awareness_status
Subjective_temperature,using,Heat_potential
Memory,using,Evoking
Certainty,using,Reliance_on_expectation
Awareness,using,Religious_belief
Awareness,using,Secrecy_status
Awareness,using,Examination
Awareness,using,Certainty
Awareness,using,Remembering_information
Awareness,using,Fame
Awareness,using,Representing
Awareness,using,Impression
Becoming_aware,using,Scrutiny
Categorization,using,Communicate_categorization
Categorization,using,Being_in_category
Cogitation,using,Research
Cogitation,using,Remembering_experience
Coming_to_believe,using,Turning_out
Coming_to_believe,using,Fall_for
Expectation,using,Predicting
Judgment,using,Judgment_communication
Judgment,using,Regard
Judgment,using,Praiseworthiness
Judgment,using,Exemplar
Mental_property,using,Losing_it
Morality_evaluation,using,Legality
Morality_evaluation,using,Misdeed
Conduct,using,Feigning
Reason,using,Deserving
Existence,using,Have_associated
Cognitive_connection,using,Make_cognitive_connection
Cognitive_connection,using,Conditional_scenario
Attention,using,Searching_scenario
Attention,using,Perception_active
Attention,using,Emotions_of_mental_activity
Capability,using,Range
Capability,using,Sufficiency
Capability,using,Usefulness
Capability,using,Electricity
Subjective_influence,using,Eventive_cognizer_affecting
Subjective_influence,using,Attempt_suasion
Remembering_information,using,Remembering_to_do
Perception_active,using,Scrutiny
Perception_experience,using,Perception_body
Perception_experience,using,Eclipse
Opinion,using,Be_in_agreement_on_assessment
Opinion,using,Taking_sides
Eventive_cognizer_affecting,using,Suasion
Cause_to_perceive,using,Information_display
Repayment,using,Bond_maturation
Commerce_buy,using,Importing
Commerce_buy,using,Shopping
Commerce_sell,using,Exporting
Commerce_sell,using,Carry_goods
Commerce_pay,using,Earnings_and_losses
Commerce_collect,using,Fining
Commerce_collect,using,Earnings_and_losses
Economy,using,frm_modelo_político_econômico
Commerce_scenario,using,Businesses
Commerce_scenario,using,Expensiveness
Commerce_scenario,using,Exchange_currency
Being_incarcerated,using,Fugitive
Violence,using,People_by_criminal_framing
Arrest,using,Surrendering
Offenses,using,Severity_of_offense
Criminal_investigation,using,Suspicion
Legality,using,Committing_crime
Want_suspect,using,Surrendering
Committing_crime,using,Offenses
Law,using,Legality
Clemency,using,Commutation
Theft,using,Robbery
Clothing,using,Clothing_parts
Clothing,using,Wearing
Clothing,using,Undressing
Clothing,using,Dressing
Accoutrements,using,Undressing
Accoutrements,using,Wearing
Accoutrements,using,Dressing
Body_movement,using,Facial_expression
Facial_expression,using,Making_faces
Experience_bodily_harm,using,Accident
Experience_bodily_harm,using,Cause_harm
Change_posture,using,Getting_up
Setting_fire,using,Arson
Setting_fire,using,Cause_to_burn
Social_interaction_evaluation,using,Fairness_evaluation
Ingestion,using,Food
Ingestion,using,Dining
Ingestion,using,frm_eating_event
Food,using,Tasting
frm_eating_event,using,Ingestion
Temporary_stay,using,Accommodation
Guest_and_host,using,Lodging_scenario
Guest_and_host,using,Visitor_and_host
Guest_and_host,using,Hospitality
Visiting,using,Touring
Accommodation,using,Tourism_scenario_stay
Tourism_scenario,using,Travel
Dining,using,Food
Touristic_service,using,Tourist_service_transaction
Accident,using,Accident_description
Go_places,using,Transportation
Go_places,using,Means_of_transportation
People_by_criminal_framing,using,Committing_crime
People_by_vocation,using,Authority
Image_schema,using,Relational_location
Performing_arts,using,Performers_and_roles
Performing_arts,using,Behind_the_scenes
Medical_intervention,see_also,Cure
Awareness,see_also,Opinion
Awareness,see_also,Certainty
Worry,see_also,Experiencer_focused_emotion
Worry,see_also,Cogitation
Judgment,see_also,Judgment_communication
Omen,see_also,Expectation
Existence,see_also,Presence
Subjective_influence,see_also,Objective_influence
Remembering_information,see_also,Remembering_experience
Remembering_information,see_also,Remembering_to_do
Perception_active,see_also,Perception_experience
Citing,see_also,Notification_of_charges
Citing,see_also,Entering_of_plea
Citing,see_also,Fining
Guilt_or_innocence,see_also,Contrition
Sociability,see_also,Social_interaction_evaluation
Proximity_image_schema,see_also,Collocation_image_schema
Communication_means,reframing_mapping,Contacting
Communication_means,reframing_mapping,Sending
Discussion,reframing_mapping,Quarreling
Discussion,reframing_mapping,Chatting
Discussion,reframing_mapping,Topic
Statement,reframing_mapping,Telling
Statement,reframing_mapping,Speak_on_topic
Statement,reframing_mapping,Reveal_secret
Statement,reframing_mapping,Bragging
Statement,reframing_mapping,Complaining
Statement,reframing_mapping,Commitment
Statement,reframing_mapping,Expressing_publicly
Statement,reframing_mapping,Encoding
Statement,reframing_mapping,Translating
Statement,reframing_mapping,Successfully_communicate_message
Speak_on_topic,reframing_mapping,Statement
Judgment_direct_address,reframing_mapping,Judgment_communication
Memory,reframing_mapping,Remembering_to_do
Memory,reframing_mapping,Remembering_experience
Memory,reframing_mapping,Remembering_information
Certainty,reframing_mapping,Likelihood
Awareness,reframing_mapping,Categorization
Awareness,reframing_mapping,Emotion_directed
Awareness,reframing_mapping,Expertise
Awareness,reframing_mapping,Coming_up_with
Awareness,reframing_mapping,Attention
Awareness,reframing_mapping,Opinion
Becoming_aware,reframing_mapping,Coming_to_believe
Categorization,reframing_mapping,Awareness
Categorization,reframing_mapping,Communicate_categorization
Categorization,reframing_mapping,Statement
Coming_up_with,reframing_mapping,Achieving_first
Coming_up_with,reframing_mapping,Creating
Make_cognitive_connection,reframing_mapping,Cognitive_connection
Judgment,reframing_mapping,Judgment_communication
Mental_property,reframing_mapping,Expertise
Commerce_buy,reframing_mapping,Renting
Commerce_sell,reframing_mapping,Renting_out
Import_export_scenario,reframing_mapping,Importing
Import_export_scenario,reframing_mapping,Exporting
Commerce_scenario,reframing_mapping,Commerce_buy
Commerce_scenario,reframing_mapping,Commerce_sell
Commerce_scenario,reframing_mapping,Commerce_pay
Commerce_scenario,reframing_mapping,Commerce_collect
Commerce_scenario,reframing_mapping,Expensiveness
Clothing,reframing_mapping,Armor
Body_movement,reframing_mapping,Making_faces
Body_movement,reframing_mapping,Statement
Hair_configuration,reframing_mapping,Grooming
Posture,reframing_mapping,Change_posture
Becoming_a_patient,inchoative_of,Medical_conditions
Coming_to_believe,inchoative_of,Awareness
Experience_bodily_harm,inchoative_of,Being_hurt
Suasion,causative_of,Deciding
Medical_conditions,causative_of,Cause_health_condition
Cure,causative_of,Recovery
Eventive_cognizer_affecting,causative_of,Purpose
Cause_to_perceive,causative_of,Perception_experience
Change_posture,causative_of,Posture
Medical_intervention,precedes,Recovery
Recovery,precedes,Cure
Healthcare_service,precedes,Take_a_medical_exam
Healthcare_service,precedes,Diagnosing
Diagnosing,precedes,Medical_intervention
Visitor_arrival,precedes,Visiting
Visiting_scenario_arrival,precedes,Visiting_scenario_stay
Visiting_scenario_stay,precedes,Visiting_scenario_departing
Visit_host_arrival,precedes,Visit_host_stay
Visit_host_stay,precedes,Visit_host_departure
Existence,precedes,Ceasing_to_be
Being_awake,precedes,Fall_asleep
Being_awake,precedes,Getting_up
Product_development,precedes,Product_line
Product_development,precedes,Manufacturing
Entering_of_plea,precedes,Bail_decision
Trial,precedes,Sentencing
Arrest,precedes,Arraignment
Jury_deliberation,precedes,Verdict
Criminal_investigation,precedes,Criminal_process
Court_examination,precedes,Jury_deliberation
Committing_crime,precedes,Criminal_investigation
Fire_burning,precedes,Fire_going_out
Fire_burning,precedes,Putting_out_fire
Catching_fire,precedes,Fire_burning
Firefighting,precedes,Putting_out_fire
Setting_fire,precedes,Fire_burning
Visiting,precedes,Visitor_departure
Tourism_scenario_stay,precedes,Tourism_scenario_departure
Tourist_service_reserve,precedes,Tourist_service_buy
Communication,perspective_on,Mention
Commerce_money-transfer,perspective_on,Commerce_collect
Commerce_money-transfer,perspective_on,Commerce_pay
Commerce_goods-transfer,perspective_on,Commerce_buy
Commerce_goods-transfer,perspective_on,Commerce_sell
Lodging_scenario,perspective_on,Provide_lodging
Lodging_scenario,perspective_on,Temporary_stay
Visiting_scenario,perspective_on,Visitor_scenario
Visitor_and_host,perspective_on,Visit_host
Visitor_and_host,perspective_on,Receive_visitor_scenario
Visit_host_arrival,perspective_on,Drop_in_on
Proximity_image_schema,perspective_on,Non-gradable_proximity
Proximity_image_schema,perspective_on,Gradable_proximity
Awareness_situation,perspective_on,Awareness
Awareness_change_scenario,perspective_on,Coming_to_believe
Awareness_change_scenario,perspective_on,Enter_awareness
Import_export_scenario,perspective_on,Exporting
Import_export_scenario,perspective_on,Importing
Trial,perspective_on,Try_defendant
Pay_collect_touristic_services,perspective_on,Tourist_service_pay
Pay_collect_touristic_services,perspective_on,Tourist_service_collect
Hire_provide_touristic_services,perspective_on,Tourist_service_buy
Hire_provide_touristic_services,perspective_on,Tourist_service_sell
Attraction_tourism,perspective_on,Tourist_potential
Attraction_tourism,perspective_on,Attracting_tourists
Attraction_tourism,perspective_on,Touring
Medical_intervention,metaphorical_projection,Confronting_problem
Medical_conditions,metaphorical_projection,Committing_crime
Medical_conditions,metaphorical_projection,Violence
Cure,metaphorical_projection,Resolve_problem
Pathogen,metaphorical_projection,Committing_crime
Epidemic,metaphorical_projection,Committing_crime
Committing_crime,metaphorical_projection,Hostile_encounter
